Unnamed: 0,J,S,gamma,D,t,c,r,mu,lab,load,imbalance,N,start_K,batch_T,method,g,conf_int
0,3,5,1,180,[ 10.  60. 120.],[1. 1. 1.],[1. 1. 1.],[0.00761035 0.00833333 0.03267974],[0.00204997 0.01172242 0.08411581],0.85,[0.06338028 0.33098592 0.6056338 ],10000001,10000,199800,ospi,,
1,3,5,1,180,[ 10.  60. 120.],[1. 1. 1.],[1. 1. 1.],[0.00761035 0.00833333 0.03267974],[0.00204997 0.01172242 0.08411581],0.85,[0.06338028 0.33098592 0.6056338 ],10000001,10000,199800,cmu,,
2,3,5,1,180,[ 10.  60. 120.],[1. 1. 1.],[1. 1. 1.],[0.00761035 0.00833333 0.03267974],[0.00204997 0.01172242 0.08411581],0.85,[0.06338028 0.33098592 0.6056338 ],10000001,10000,199800,fcfs,,
3,3,5,1,180,[ 10.  60. 120.],[1. 1. 1.],[1. 1. 1.],[0.00761035 0.00833333 0.03267974],[0.00204997 0.01172242 0.08411581],0.85,[0.06338028 0.33098592 0.6056338 ],10000001,10000,199800,sdf,0.010214273491986586,
4,3,5,1,180,[ 10.  60. 120.],[1. 1. 1.],[1. 1. 1.],[0.00761035 0.00833333 0.03267974],[0.00204997 0.01172242 0.08411581],0.85,[0.06338028 0.33098592 0.6056338 ],10000001,10000,199800,sdfprior,,
