Unnamed: 0,J,S,gamma,D,t,c,r,mu,lab,load,imbalance,N,start_K,batch_T,method,g,conf_int,perc,ci_perc,ci_g
0,3,5,1,180,[ 10.  60. 120.],[1. 1. 1.],[1. 1. 1.],[0.00761035 0.00833333 0.03267974],[0.00204997 0.01172242 0.08411581],0.85,[0.06338028 0.33098592 0.6056338 ],100000,100,999,ospi,0.06059836817167501,0.0024831939526751,0.6208808808808809,0.002151977855034112,0.0004875309606620407
1,3,5,1,180,[ 10.  60. 120.],[1. 1. 1.],[1. 1. 1.],[0.00761035 0.00833333 0.03267974],[0.00204997 0.01172242 0.08411581],0.85,[0.06338028 0.33098592 0.6056338 ],100000,100,999,cmu,0.0772582279649815,0.001593140332752,0.7917017017017018,0.0025922817992676075,0.0005821195617401167
2,3,5,1,180,[ 10.  60. 120.],[1. 1. 1.],[1. 1. 1.],[0.00761035 0.00833333 0.03267974],[0.00204997 0.01172242 0.08411581],0.85,[0.06338028 0.33098592 0.6056338 ],100000,100,999,fcfs,0.026575260077920285,0.0047780861503786,0.272002002002002,0.001301351534719821,0.0002751209964125674
3,3,5,1,180,[ 10.  60. 120.],[1. 1. 1.],[1. 1. 1.],[0.00761035 0.00833333 0.03267974],[0.00204997 0.01172242 0.08411581],0.85,[0.06338028 0.33098592 0.6056338 ],100000,100,999,sdf,0.026073166835906724,0.0044321826306171,0.2669469469469469,0.0010258002371578286,0.0002543511890873382
4,3,5,1,180,[ 10.  60. 120.],[1. 1. 1.],[1. 1. 1.],[0.00761035 0.00833333 0.03267974],[0.00204997 0.01172242 0.08411581],0.85,[0.06338028 0.33098592 0.6056338 ],100000,100,999,sdfprior,0.03754021546436117,0.0044701602143774,0.3836736736736737,0.0020327095780639133,0.0005017308199952275
