Unnamed: 0,J,S,gamma,D,t,c,r,mu,lab,load,imbalance,N,start_K,batch_T,method,g,conf_int,perc,ci_perc,ci_g
0,2,5,15,230,[1. 1.],[1. 1.],[1. 1.],[0.33333333 0.5       ],[0.66666667 1.        ],0.8,0,100001,0,2000,ospi,0.6434450853632908,0,0.38653,0.01885637168041455,0.030009820781552104
1,2,5,15,230,[1. 1.],[1. 1.],[1. 1.],[0.33333333 0.5       ],[0.66666667 1.        ],0.8,0,10000001,0,200000,cmu,0.7743557180374461,0,0.4631796,0.0029408738102936374,0.005271486457104406
2,2,5,15,230,[1. 1.],[1. 1.],[1. 1.],[0.33333333 0.5       ],[0.66666667 1.        ],0.8,0,10000001,0,200000,fcfs,0.3807644825361231,0,0.2277533,0.0030215023447671538,0.004889839020855928
3,2,5,15,230,[1. 1.],[1. 1.],[1. 1.],[0.33333333 0.5       ],[0.66666667 1.        ],0.8,0,10000001,0,200000,sdf,0.3807644825361231,0,0.2277533,0.0030215023447671538,0.004889839020855928
4,2,5,15,230,[1. 1.],[1. 1.],[1. 1.],[0.33333333 0.5       ],[0.66666667 1.        ],0.8,0,10000001,0,200000,sdfprior,0.7319267318223839,0,0.4378001,0.002212125207356905,0.003800414481334482
