Unnamed: 0,J,S,gamma,D,t,c,r,mu,lab,load,imbalance,N,start_K,batch_T,method,g,conf_int
0,4,10,1,120,[60. 60. 60. 60.],[1.  1.  0.5 0.5],[1. 1. 1. 1.],[0.01666667 0.03333333 0.01666667 0.03333333],[0.01875 0.0375  0.05625 0.1125 ],0.9,[0.125 0.125 0.375 0.375],100001,1000,1980,ospi,0.13823761094019388,0.002250737797423349
1,4,10,1,120,[60. 60. 60. 60.],[1.  1.  0.5 0.5],[1. 1. 1. 1.],[0.01666667 0.03333333 0.01666667 0.03333333],[0.01875 0.0375  0.05625 0.1125 ],0.9,[0.125 0.125 0.375 0.375],100001,1000,1980,cmu,0.1774904802106702,0.0021131740001183235
2,4,10,1,120,[60. 60. 60. 60.],[1.  1.  0.5 0.5],[1. 1. 1. 1.],[0.01666667 0.03333333 0.01666667 0.03333333],[0.01875 0.0375  0.05625 0.1125 ],0.9,[0.125 0.125 0.375 0.375],100001,1000,1980,fcfs,0.07823320523390996,0.0011642461145793695
3,4,10,1,120,[60. 60. 60. 60.],[1.  1.  0.5 0.5],[1. 1. 1. 1.],[0.01666667 0.03333333 0.01666667 0.03333333],[0.01875 0.0375  0.05625 0.1125 ],0.9,[0.125 0.125 0.375 0.375],100001,1000,1980,sdf,0.07823320523390996,0.0011642461145793695
4,4,10,1,120,[60. 60. 60. 60.],[1.  1.  0.5 0.5],[1. 1. 1. 1.],[0.01666667 0.03333333 0.01666667 0.03333333],[0.01875 0.0375  0.05625 0.1125 ],0.9,[0.125 0.125 0.375 0.375],100001,1000,1980,sdfprior,0.15327185647273128,0.002321932614754397
