Unnamed: 0,J,S,gamma,D,t,c,r,mu,lab,load,imbalance,N,start_K,batch_T,method,g,conf_int,perc,ci_perc,ci_g
0,3,5,1,180,[0.03333333 0.03333333 0.03333333],[1. 1. 1.],[1. 1. 1.],[0.00761035 0.00833333 0.03267974],[0.00204997 0.01172242 0.08411581],0.85,[0.06338028 0.33098592 0.6056338 ],100000,100,999,ospi,0.03285062501148932,0.0021009192641566,0.3338338338338338,0.0023221280815851108,0.00032470811301810317
1,3,5,1,180,[0.03333333 0.03333333 0.03333333],[1. 1. 1.],[1. 1. 1.],[0.00761035 0.00833333 0.03267974],[0.00204997 0.01172242 0.08411581],0.85,[0.06338028 0.33098592 0.6056338 ],100000,100,999,cmu,0.03283976540895817,0.0023717774105039,0.3337037037037037,0.00231035498884669,0.00032355339629121845
2,3,5,1,180,[0.03333333 0.03333333 0.03333333],[1. 1. 1.],[1. 1. 1.],[0.00761035 0.00833333 0.03267974],[0.00204997 0.01172242 0.08411581],0.85,[0.06338028 0.33098592 0.6056338 ],100000,100,999,fcfs,0.0322767543524904,0.0019732781151986,0.32795795795795796,0.0023784910965927203,0.0003295178031606156
3,3,5,1,180,[0.03333333 0.03333333 0.03333333],[1. 1. 1.],[1. 1. 1.],[0.00761035 0.00833333 0.03267974],[0.00204997 0.01172242 0.08411581],0.85,[0.06338028 0.33098592 0.6056338 ],100000,100,999,sdf,0.0322767543524904,0.0019732781151986,0.32795795795795796,0.0023784910965927203,0.0003295178031606156
4,3,5,1,180,[0.03333333 0.03333333 0.03333333],[1. 1. 1.],[1. 1. 1.],[0.00761035 0.00833333 0.03267974],[0.00204997 0.01172242 0.08411581],0.85,[0.06338028 0.33098592 0.6056338 ],100000,100,999,sdfprior,0.032196846012100454,0.0017058520549469,0.3270970970970971,0.0022941709977734514,0.00033193053804001627
