Unnamed: 0,J,S,gamma,D,t,c,r,mu,lab,load,imbalance,N,start_K,batch_T,method,g,conf_int,perc,ci_perc,ci_g
0,6,10,1,120,[60. 60. 60. 60. 60. 60.],[1. 1. 1. 1. 1. 1.],[1. 1. 1. 1. 1. 1.],[1. 2. 3. 4. 5. 6.],[ 0.42857143  1.71428571  3.85714286  6.85714286 10.71428571 15.42857143],0.9,[0.04761905 0.0952381  0.14285714 0.19047619 0.23809524 0.28571429],99000,0,1980,ospi,38.85804957359871,0.3898226940036067,1.0,0.0,0.3898226940036067
1,6,10,1,120,[60. 60. 60. 60. 60. 60.],[1. 1. 1. 1. 1. 1.],[1. 1. 1. 1. 1. 1.],[1. 2. 3. 4. 5. 6.],[ 0.42857143  1.71428571  3.85714286  6.85714286 10.71428571 15.42857143],0.9,[0.04761905 0.0952381  0.14285714 0.19047619 0.23809524 0.28571429],99000,0,1980,cmu,36.83063776820717,0.2637940535839214,0.9657171717171718,0.005819672267830951,0.2637940535839214
2,6,10,1,120,[60. 60. 60. 60. 60. 60.],[1. 1. 1. 1. 1. 1.],[1. 1. 1. 1. 1. 1.],[1. 2. 3. 4. 5. 6.],[ 0.42857143  1.71428571  3.85714286  6.85714286 10.71428571 15.42857143],0.9,[0.04761905 0.0952381  0.14285714 0.19047619 0.23809524 0.28571429],99000,0,1980,fcfs,5.5919120812618015,3.5979490751445447,0.1628888888888889,0.10328157732887426,3.5979490751445447
3,6,10,1,120,[60. 60. 60. 60. 60. 60.],[1. 1. 1. 1. 1. 1.],[1. 1. 1. 1. 1. 1.],[1. 2. 3. 4. 5. 6.],[ 0.42857143  1.71428571  3.85714286  6.85714286 10.71428571 15.42857143],0.9,[0.04761905 0.0952381  0.14285714 0.19047619 0.23809524 0.28571429],99000,0,1980,sdf,5.5919120812618015,3.5979490751445447,0.1628888888888889,0.10328157732887426,3.5979490751445447
4,6,10,1,120,[60. 60. 60. 60. 60. 60.],[1. 1. 1. 1. 1. 1.],[1. 1. 1. 1. 1. 1.],[1. 2. 3. 4. 5. 6.],[ 0.42857143  1.71428571  3.85714286  6.85714286 10.71428571 15.42857143],0.9,[0.04761905 0.0952381  0.14285714 0.19047619 0.23809524 0.28571429],99000,0,1980,sdfprior,29.91403774454054,0.7938917490824948,0.866020202020202,0.025355454502372223,0.7938917490824948
