Unnamed: 0,J,S,gamma,D,t,c,r,mu,lab,load,imbalance,N,start_K,batch_T,method,g,conf_int,perc,ci_perc,ci_g
0,3,5,1,180,[60. 60. 60.],[1. 1. 1.],[1. 1. 1.],[0.01666667 0.01666667 0.01666667],[0.00448944 0.02344484 0.04289906],0.85,[0.06338028 0.33098592 0.6056338 ],100000,100,999,ospi,0.05808532978449563,0,0.8211511511511511,0.0019001442354571606,0.00037781715744618604
1,3,5,1,180,[60. 60. 60.],[1. 1. 1.],[1. 1. 1.],[0.01666667 0.01666667 0.01666667],[0.00448944 0.02344484 0.04289906],0.85,[0.06338028 0.33098592 0.6056338 ],100000,100,999,cmu,0.05815009816473115,0,0.8221321321321322,0.001962062259563313,0.00037895072299155277
2,3,5,1,180,[60. 60. 60.],[1. 1. 1.],[1. 1. 1.],[0.01666667 0.01666667 0.01666667],[0.00448944 0.02344484 0.04289906],0.85,[0.06338028 0.33098592 0.6056338 ],100000,100,999,fcfs,0.04939085221320298,0,0.6984384384384383,0.001737522171280178,0.00032475452748513013
3,3,5,1,180,[60. 60. 60.],[1. 1. 1.],[1. 1. 1.],[0.01666667 0.01666667 0.01666667],[0.00448944 0.02344484 0.04289906],0.85,[0.06338028 0.33098592 0.6056338 ],100000,100,999,sdf,0.04939085221320298,0,0.6984384384384383,0.001737522171280178,0.00032475452748513013
4,3,5,1,180,[60. 60. 60.],[1. 1. 1.],[1. 1. 1.],[0.01666667 0.01666667 0.01666667],[0.00448944 0.02344484 0.04289906],0.85,[0.06338028 0.33098592 0.6056338 ],100000,100,999,sdfprior,0.05687907272373106,0,0.8042042042042042,0.0024567198334478754,0.00039120936048170975
