Unnamed: 0,J,S,gamma,D,t,c,r,mu,lab,load,imbalance,N,start_K,batch_T,method,g,conf_int,perc,ci_perc,ci_g
0,2,2,15,274,[1. 1.],[1. 1.],[1. 1.],[0.33333333 0.66666667],[0.11666667 0.7       ],0.7,0,10000000,100,99999,ospi,0.42605638074156366,0,0.5179783797837978,0.0003328886434493509,0.0008157727636484185
1,2,2,15,274,[1. 1.],[1. 1.],[1. 1.],[0.33333333 0.66666667],[0.11666667 0.7       ],0.7,0,10000000,100,99999,cmu,0.4548079806616524,0,0.5529358293582936,0.000279802392886709,0.0007897019423669324
2,2,2,15,274,[1. 1.],[1. 1.],[1. 1.],[0.33333333 0.66666667],[0.11666667 0.7       ],0.7,0,10000000,100,99999,fcfs,0.390793340303719,0,0.4751094510945109,0.00034045523668719673,0.0007231519108744926
3,2,2,15,274,[1. 1.],[1. 1.],[1. 1.],[0.33333333 0.66666667],[0.11666667 0.7       ],0.7,0,10000000,100,99999,sdf,0.390793340303719,0,0.4751094510945109,0.00034045523668719673,0.0007231519108744926
4,2,2,15,274,[1. 1.],[1. 1.],[1. 1.],[0.33333333 0.66666667],[0.11666667 0.7       ],0.7,0,10000000,100,99999,sdfprior,0.4284735974392224,0,0.5209160091600915,0.0003733460241855527,0.0008436208906827244
