,J,S,gamma,D,t,c,r,mu,lab,load,imbalance,N,start_K,batch_T,method,g,conf_int
0,4,10,1,120,[60 60 60 60],[1.  1.  0.5 0.5],[1 1 1 1],[0.01666667 0.03333333 0.01666667 0.03333333],[0.01666667 0.03333333 0.05       0.1       ],0.8,[0.125 0.125 0.375 0.375],0,0,0,ospi,0,0
1,4,10,1,120,[60 60 60 60],[1.  1.  0.5 0.5],[1 1 1 1],[0.01666667 0.03333333 0.01666667 0.03333333],[0.01666667 0.03333333 0.05       0.1       ],0.8,[0.125 0.125 0.375 0.375],0,0,0,cmu,0,0
2,4,10,1,120,[60 60 60 60],[1.  1.  0.5 0.5],[1 1 1 1],[0.01666667 0.03333333 0.01666667 0.03333333],[0.01666667 0.03333333 0.05       0.1       ],0.8,[0.125 0.125 0.375 0.375],0,0,0,fcfs,0,0
3,4,10,1,120,[60 60 60 60],[1.  1.  0.5 0.5],[1 1 1 1],[0.01666667 0.03333333 0.01666667 0.03333333],[0.01666667 0.03333333 0.05       0.1       ],0.8,[0.125 0.125 0.375 0.375],0,0,0,sdf,0,0
4,4,10,1,120,[60 60 60 60],[1.  1.  0.5 0.5],[1 1 1 1],[0.01666667 0.03333333 0.01666667 0.03333333],[0.01666667 0.03333333 0.05       0.1       ],0.8,[0.125 0.125 0.375 0.375],0,0,0,sdf_prior,0,0
