Unnamed: 0,J,S,gamma,D,t,c,r,mu,lab,load,imbalance,N,start_K,batch_T,method,g,conf_int,perc,ci_perc,ci_g
0,3,5,10,1800,[60. 60. 60.],[1. 1. 1.],[1. 1. 1.],[0.01666667 0.01666667 0.01666667],[0.02638889 0.02638889 0.02638889],0.95,[0.33333333 0.33333333 0.33333333],200000,100,1999,ospi,0.043068354435392496,0,0.5434267133566784,0.002050509229970971,0.000218617729095065
1,3,5,10,1800,[60. 60. 60.],[1. 1. 1.],[1. 1. 1.],[0.01666667 0.01666667 0.01666667],[0.02638889 0.02638889 0.02638889],0.95,[0.33333333 0.33333333 0.33333333],200000,100,1999,cmu_t_min,0.052339862196235945,0,0.6604452226113057,0.0020359314000236387,0.00025978319343107994
2,3,5,10,1800,[60. 60. 60.],[1. 1. 1.],[1. 1. 1.],[0.01666667 0.01666667 0.01666667],[0.02638889 0.02638889 0.02638889],0.95,[0.33333333 0.33333333 0.33333333],200000,100,1999,cmu_t_max,0.052213463860087864,0,0.6587293646823411,0.0020102789255876433,0.00028341658226179416
3,3,5,10,1800,[60. 60. 60.],[1. 1. 1.],[1. 1. 1.],[0.01666667 0.01666667 0.01666667],[0.02638889 0.02638889 0.02638889],0.95,[0.33333333 0.33333333 0.33333333],200000,100,1999,fcfs,0.025661144743343654,0,0.3238069034517258,0.001769381329164562,0.00016256283851245746
4,3,5,10,1800,[60. 60. 60.],[1. 1. 1.],[1. 1. 1.],[0.01666667 0.01666667 0.01666667],[0.02638889 0.02638889 0.02638889],0.95,[0.33333333 0.33333333 0.33333333],200000,100,1999,sdf,0.025661144743343654,0,0.3238069034517258,0.001769381329164562,0.00016256283851245746
5,3,5,10,1800,[60. 60. 60.],[1. 1. 1.],[1. 1. 1.],[0.01666667 0.01666667 0.01666667],[0.02638889 0.02638889 0.02638889],0.95,[0.33333333 0.33333333 0.33333333],200000,100,1999,sdfprior,0.054288624762681384,0,0.6849074537268635,0.0019114257684773289,0.00029137821211867176
6,3,5,10,1800,[60. 60. 60.],[1. 1. 1.],[1. 1. 1.],[0.01666667 0.01666667 0.01666667],[0.02638889 0.02638889 0.02638889],0.95,[0.33333333 0.33333333 0.33333333],200000,100,1999,l_max,0.052213463860087864,0,0.6587293646823411,0.0020102789255876433,0.00028341658226179416
7,3,5,10,1800,[60. 60. 60.],[1. 1. 1.],[1. 1. 1.],[0.01666667 0.01666667 0.01666667],[0.02638889 0.02638889 0.02638889],0.95,[0.33333333 0.33333333 0.33333333],200000,100,1999,l_min,0.052339862196235945,0,0.6604452226113057,0.0020359314000236387,0.00025978319343107994
