Unnamed: 0,J,S,gamma,D,t,c,r,mu,lab,load,imbalance,N,start_K,batch_T,method,g,conf_int,perc,ci_perc,ci_g
0,6,10,1,120,[60. 60. 60. 60. 60. 60.],[1. 1. 1. 1. 1. 1.],[1. 1. 1. 1. 1. 1.],[1. 2. 3. 4. 5. 6.],[ 0.42857143  1.71428571  3.85714286  6.85714286 10.71428571 15.42857143],0.9,[0.04761905 0.0952381  0.14285714 0.19047619 0.23809524 0.28571429],99000,100,989,ospi,39.0367608884951,0.3898226940036067,1.0,0.0,0.43249145139134076
1,6,10,1,120,[60. 60. 60. 60. 60. 60.],[1. 1. 1. 1. 1. 1.],[1. 1. 1. 1. 1. 1.],[1. 2. 3. 4. 5. 6.],[ 0.42857143  1.71428571  3.85714286  6.85714286 10.71428571 15.42857143],0.9,[0.04761905 0.0952381  0.14285714 0.19047619 0.23809524 0.28571429],99000,100,989,cmu,36.91778857850209,0.2637940535839214,0.9656825075834177,0.0009687641055941916,0.2975931987812576
2,6,10,1,120,[60. 60. 60. 60. 60. 60.],[1. 1. 1. 1. 1. 1.],[1. 1. 1. 1. 1. 1.],[1. 2. 3. 4. 5. 6.],[ 0.42857143  1.71428571  3.85714286  6.85714286 10.71428571 15.42857143],0.9,[0.04761905 0.0952381  0.14285714 0.19047619 0.23809524 0.28571429],99000,100,989,fcfs,5.583070292709059,3.5979490751445447,0.16204246713852372,8.692692827147156e-05,0.0587463781769186
3,6,10,1,120,[60. 60. 60. 60. 60. 60.],[1. 1. 1. 1. 1. 1.],[1. 1. 1. 1. 1. 1.],[1. 2. 3. 4. 5. 6.],[ 0.42857143  1.71428571  3.85714286  6.85714286 10.71428571 15.42857143],0.9,[0.04761905 0.0952381  0.14285714 0.19047619 0.23809524 0.28571429],99000,100,989,sdf,5.583070292709059,3.5979490751445447,0.16204246713852372,8.692692827147156e-05,0.0587463781769186
4,6,10,1,120,[60. 60. 60. 60. 60. 60.],[1. 1. 1. 1. 1. 1.],[1. 1. 1. 1. 1. 1.],[1. 2. 3. 4. 5. 6.],[ 0.42857143  1.71428571  3.85714286  6.85714286 10.71428571 15.42857143],0.9,[0.04761905 0.0952381  0.14285714 0.19047619 0.23809524 0.28571429],99000,100,989,sdfprior,30.083633751836647,0.7938917490824948,0.8658847320525783,0.0016896250076595038,0.41410217934107124
