Unnamed: 0,J,S,gamma,D,t,c,r,mu,lab,load,imbalance,N,start_K,batch_T,method,g,conf_int,perc,ci_perc,ci_g
0,4,5,10,1800,[60. 60. 60. 60.],[1.  1.  0.5 0.5],[1. 1. 1. 1.],[0.01666667 0.03333333 0.01666667 0.03333333],[0.009375 0.01875  0.028125 0.05625 ],0.9,[0.125 0.125 0.375 0.375],200000,100,1999,ospi,0.09687845971064642,0,0.8601700850425211,0.0009936910689672277,0.00046496752358759195
1,4,5,10,1800,[60. 60. 60. 60.],[1.  1.  0.5 0.5],[1. 1. 1. 1.],[0.01666667 0.03333333 0.01666667 0.03333333],[0.009375 0.01875  0.028125 0.05625 ],0.9,[0.125 0.125 0.375 0.375],200000,100,1999,cmu_t_min,0.10209542294488613,0,0.9064807403701849,0.0008356446657253318,0.00046180248240021063
2,4,5,10,1800,[60. 60. 60. 60.],[1.  1.  0.5 0.5],[1. 1. 1. 1.],[0.01666667 0.03333333 0.01666667 0.03333333],[0.009375 0.01875  0.028125 0.05625 ],0.9,[0.125 0.125 0.375 0.375],200000,100,1999,cmu_t_max,0.10209542294488613,0,0.9064807403701849,0.0008356446657253318,0.00046180248240021063
3,4,5,10,1800,[60. 60. 60. 60.],[1.  1.  0.5 0.5],[1. 1. 1. 1.],[0.01666667 0.03333333 0.01666667 0.03333333],[0.009375 0.01875  0.028125 0.05625 ],0.9,[0.125 0.125 0.375 0.375],200000,100,1999,fcfs,0.08468480865768781,0,0.7518934467233618,0.0010976966807287316,0.0003924188263482929
4,4,5,10,1800,[60. 60. 60. 60.],[1.  1.  0.5 0.5],[1. 1. 1. 1.],[0.01666667 0.03333333 0.01666667 0.03333333],[0.009375 0.01875  0.028125 0.05625 ],0.9,[0.125 0.125 0.375 0.375],200000,100,1999,sdf,0.08468480865768781,0,0.7518934467233618,0.0010976966807287316,0.0003924188263482929
5,4,5,10,1800,[60. 60. 60. 60.],[1.  1.  0.5 0.5],[1. 1. 1. 1.],[0.01666667 0.03333333 0.01666667 0.03333333],[0.009375 0.01875  0.028125 0.05625 ],0.9,[0.125 0.125 0.375 0.375],200000,100,1999,sdfprior,0.09927404699542462,0,0.8814407203601802,0.0009510580615326926,0.0004650274515067717
6,4,5,10,1800,[60. 60. 60. 60.],[1.  1.  0.5 0.5],[1. 1. 1. 1.],[0.01666667 0.03333333 0.01666667 0.03333333],[0.009375 0.01875  0.028125 0.05625 ],0.9,[0.125 0.125 0.375 0.375],200000,100,1999,l_max,0.09654241908896992,0,0.8572386193096548,0.0015371246846537323,0.00046498895324973056
7,4,5,10,1800,[60. 60. 60. 60.],[1.  1.  0.5 0.5],[1. 1. 1. 1.],[0.01666667 0.03333333 0.01666667 0.03333333],[0.009375 0.01875  0.028125 0.05625 ],0.9,[0.125 0.125 0.375 0.375],200000,100,1999,l_min,0.09652619311893716,0,0.8569909954977488,0.0010261843381759693,0.00046321968211985665
