Unnamed: 0,J,S,gamma,D,t,c,r,mu,lab,load,imbalance,N,start_K,batch_T,method,g,conf_int,perc,ci_perc,ci_g
0,3,5,1,180,[60. 60. 60.],[1. 1. 1.],[1. 1. 1.],[0.01666667 0.01666667 0.01666667],[0.00448944 0.02344484 0.04289906],0.85,[0.06338028 0.33098592 0.6056338 ],10000,100,99,ospi,0.05907516744565194,0,0.8155555555555555,0.007946813372273796,0.0011645431627028463
1,3,5,1,180,[60. 60. 60.],[1. 1. 1.],[1. 1. 1.],[0.01666667 0.01666667 0.01666667],[0.00448944 0.02344484 0.04289906],0.85,[0.06338028 0.33098592 0.6056338 ],10000,100,99,cmu,0.05941719002047732,0,0.8193939393939392,0.00834454836553031,0.0011717381639011503
2,3,5,1,180,[60. 60. 60.],[1. 1. 1.],[1. 1. 1.],[0.01666667 0.01666667 0.01666667],[0.00448944 0.02344484 0.04289906],0.85,[0.06338028 0.33098592 0.6056338 ],10000,100,99,fcfs,0.05073601119342012,0,0.6996969696969697,0.01125805669090972,0.0012604232322993062
3,3,5,1,180,[60. 60. 60.],[1. 1. 1.],[1. 1. 1.],[0.01666667 0.01666667 0.01666667],[0.00448944 0.02344484 0.04289906],0.85,[0.06338028 0.33098592 0.6056338 ],10000,100,99,sdf,0.05073601119342012,0,0.6996969696969697,0.01125805669090972,0.0012604232322993062
4,3,5,1,180,[60. 60. 60.],[1. 1. 1.],[1. 1. 1.],[0.01666667 0.01666667 0.01666667],[0.00448944 0.02344484 0.04289906],0.85,[0.06338028 0.33098592 0.6056338 ],10000,100,99,sdfprior,0.05810771852113252,0,0.8025252525252529,0.00896101861941209,0.00123766870775678
