Unnamed: 0,J,S,gamma,D,t,c,r,mu,lab,load,imbalance,N,start_K,batch_T,method,g,conf_int,perc,ci_perc,ci_g
0,3,5,10,1800,[60. 60. 60.],[1. 1. 1.],[1. 1. 1.],[0.00761035 0.00833333 0.03267974],[0.00229114 0.01310153 0.09401178],0.95,[0.06338028 0.33098592 0.6056338 ],200000,100,1999,ospi,0.08021584139988107,0,0.7350025012506254,0.0014649354308502967,0.00035608552253782585
1,3,5,10,1800,[60. 60. 60.],[1. 1. 1.],[1. 1. 1.],[0.00761035 0.00833333 0.03267974],[0.00229114 0.01310153 0.09401178],0.95,[0.06338028 0.33098592 0.6056338 ],200000,100,1999,cmu_t_min,0.08294948803360867,0,0.7600200100050025,0.0015581847766021326,0.00038687394892455117
2,3,5,10,1800,[60. 60. 60.],[1. 1. 1.],[1. 1. 1.],[0.00761035 0.00833333 0.03267974],[0.00229114 0.01310153 0.09401178],0.95,[0.06338028 0.33098592 0.6056338 ],200000,100,1999,cmu_t_max,0.08294948803360867,0,0.7600200100050025,0.0015581847766021326,0.00038687394892455117
3,3,5,10,1800,[60. 60. 60.],[1. 1. 1.],[1. 1. 1.],[0.00761035 0.00833333 0.03267974],[0.00229114 0.01310153 0.09401178],0.95,[0.06338028 0.33098592 0.6056338 ],200000,100,1999,fcfs,0.03862354556151849,0,0.3537768884442221,0.0017133874924937995,0.00027197238056630004
4,3,5,10,1800,[60. 60. 60.],[1. 1. 1.],[1. 1. 1.],[0.00761035 0.00833333 0.03267974],[0.00229114 0.01310153 0.09401178],0.95,[0.06338028 0.33098592 0.6056338 ],200000,100,1999,sdf,0.03862354556151849,0,0.3537768884442221,0.0017133874924937995,0.00027197238056630004
5,3,5,10,1800,[60. 60. 60.],[1. 1. 1.],[1. 1. 1.],[0.00761035 0.00833333 0.03267974],[0.00229114 0.01310153 0.09401178],0.95,[0.06338028 0.33098592 0.6056338 ],200000,100,1999,sdfprior,0.04847795758297959,0,0.44390195097548785,0.0018381446084679987,0.0003665181500613282
6,3,5,10,1800,[60. 60. 60.],[1. 1. 1.],[1. 1. 1.],[0.00761035 0.00833333 0.03267974],[0.00229114 0.01310153 0.09401178],0.95,[0.06338028 0.33098592 0.6056338 ],200000,100,1999,l_max,0.08294948803360867,0,0.7600200100050025,0.0015581847766021326,0.00038687394892455117
7,3,5,10,1800,[60. 60. 60.],[1. 1. 1.],[1. 1. 1.],[0.00761035 0.00833333 0.03267974],[0.00229114 0.01310153 0.09401178],0.95,[0.06338028 0.33098592 0.6056338 ],200000,100,1999,l_min,0.04385489871073915,0,0.40158079039519756,0.0018430332662327646,0.00034334181254699333
