Unnamed: 0,J,S,gamma,D,t,c,r,mu,lab,load,imbalance,N,start_K,batch_T,method,g,conf_int,perc,ci_perc,ci_g
0,3,5,1,180,[ 10.  60. 120.],[1. 1. 1.],[1. 1. 1.],[0.01666667 0.01666667 0.01666667],[0.00448944 0.02344484 0.04289906],0.85,[0.06338028 0.33098592 0.6056338 ],100000,100,999,ospi,0.045202500635542375,0.0012267817747356,0.6381981981981981,0.0030030056020153443,0.0003884611795752828
1,3,5,1,180,[ 10.  60. 120.],[1. 1. 1.],[1. 1. 1.],[0.01666667 0.01666667 0.01666667],[0.00448944 0.02344484 0.04289906],0.85,[0.06338028 0.33098592 0.6056338 ],100000,100,999,cmu,0.04660798989169285,0.0008168574663658,0.6579679679679679,0.0027887926268141427,0.0004012030760337557
2,3,5,1,180,[ 10.  60. 120.],[1. 1. 1.],[1. 1. 1.],[0.01666667 0.01666667 0.01666667],[0.00448944 0.02344484 0.04289906],0.85,[0.06338028 0.33098592 0.6056338 ],100000,100,999,fcfs,0.010537956899963839,0.002834434317893,0.14874874874874877,0.0011018270934732939,0.00011623089985410967
3,3,5,1,180,[ 10.  60. 120.],[1. 1. 1.],[1. 1. 1.],[0.01666667 0.01666667 0.01666667],[0.00448944 0.02344484 0.04289906],0.85,[0.06338028 0.33098592 0.6056338 ],100000,100,999,sdf,0.010583796614061843,0.0028754516423179,0.1493993993993994,0.0009512306275812728,0.00011015863973678647
4,3,5,1,180,[ 10.  60. 120.],[1. 1. 1.],[1. 1. 1.],[0.01666667 0.01666667 0.01666667],[0.00448944 0.02344484 0.04289906],0.85,[0.06338028 0.33098592 0.6056338 ],100000,100,999,sdfprior,0.03864763576143573,0.0019236407191447,0.5456656656656655,0.0024172774414069403,0.0003226361859317711
