Unnamed: 0,J,S,gamma,D,t,c,r,mu,lab,load,imbalance,N,start_K,batch_T,method,g,conf_int,perc,ci_perc,ci_g
0,2,2,15,274,[1. 1.],[1. 1.],[1. 1.],[0.33333333 0.66666667],[0.11666667 0.7       ],0.7,0,100000,100,999,ospi,0.49397561444728305,0,0.6050750750750751,0.003255905158450957,0.0037002019130848067
1,2,2,15,274,[1. 1.],[1. 1.],[1. 1.],[0.33333333 0.66666667],[0.11666667 0.7       ],0.7,0,100000,100,999,cmu,0.5139322415454707,0,0.6294694694694695,0.003064339861154758,0.0038510223798210565
2,2,2,15,274,[1. 1.],[1. 1.],[1. 1.],[0.33333333 0.66666667],[0.11666667 0.7       ],0.7,0,100000,100,999,fcfs,0.47916768634050166,0,0.5869569569569568,0.003559655460844389,0.003766394062424727
3,2,2,15,274,[1. 1.],[1. 1.],[1. 1.],[0.33333333 0.66666667],[0.11666667 0.7       ],0.7,0,100000,100,999,sdf,0.47916768634050166,0,0.5869569569569568,0.003559655460844389,0.003766394062424727
4,2,2,15,274,[1. 1.],[1. 1.],[1. 1.],[0.33333333 0.66666667],[0.11666667 0.7       ],0.7,0,100000,100,999,sdfprior,0.5050127364682884,0,0.6185685685685686,0.0033796843231167334,0.0037654062858424285
