Unnamed: 0,J,S,gamma,D,t,c,r,mu,lab,load,imbalance,N,start_K,batch_T,method,g,conf_int,perc,ci_perc,ci_g
0,4,10,1,120,[60. 60. 60. 60.],[1.  1.  0.5 0.5],[1. 1. 1. 1.],[0.01666667 0.03333333 0.01666667 0.03333333],[0.01875 0.0375  0.05625 0.1125 ],0.9,[0.125 0.125 0.375 0.375],100000,0,2000,ospi,0.13823761094019388,0.0022736599861574,0.65015,0.006101182831791552,0.0022736599861574243
1,4,10,1,120,[60. 60. 60. 60.],[1.  1.  0.5 0.5],[1. 1. 1. 1.],[0.01666667 0.03333333 0.01666667 0.03333333],[0.01875 0.0375  0.05625 0.1125 ],0.9,[0.125 0.125 0.375 0.375],100000,0,2000,cmu,0.1774904802106702,0.0019827259664074,0.81763,0.0034251085902209165,0.0019827259664074444
2,4,10,1,120,[60. 60. 60. 60.],[1.  1.  0.5 0.5],[1. 1. 1. 1.],[0.01666667 0.03333333 0.01666667 0.03333333],[0.01875 0.0375  0.05625 0.1125 ],0.9,[0.125 0.125 0.375 0.375],100000,0,2000,fcfs,0.07823320523390996,0.0011741464759349,0.375625,0.0023889529878583678,0.0011741464759349855
3,4,10,1,120,[60. 60. 60. 60.],[1.  1.  0.5 0.5],[1. 1. 1. 1.],[0.01666667 0.03333333 0.01666667 0.03333333],[0.01875 0.0375  0.05625 0.1125 ],0.9,[0.125 0.125 0.375 0.375],100000,0,2000,sdf,0.07823320523390996,0.0011741464759349,0.375625,0.0023889529878583678,0.0011741464759349855
4,4,10,1,120,[60. 60. 60. 60.],[1.  1.  0.5 0.5],[1. 1. 1. 1.],[0.01666667 0.03333333 0.01666667 0.03333333],[0.01875 0.0375  0.05625 0.1125 ],0.9,[0.125 0.125 0.375 0.375],100000,0,2000,sdfprior,0.15327185647273128,0.0023583959528617,0.744865,0.003333777001016537,0.002358395952861715
