Unnamed: 0,J,S,gamma,D,t,c,r,mu,lab,load,imbalance,N,start_K,batch_T,method,g,conf_int,perc,ci_perc,ci_g
0,1,5,1,180,[60.],[1.],[1.],[0.03333333],[0.14166667],0.85,[1],100000,100,999,ospi,0.11452175194506534,0,0.8061261261261262,0.001851683925633683,0.0007290043952733763
1,1,5,1,180,[60.],[1.],[1.],[0.03333333],[0.14166667],0.85,[1],100000,100,999,cmu,0.11452175194506534,0,0.8061261261261262,0.001851683925633683,0.0007290043952733763
2,1,5,1,180,[60.],[1.],[1.],[0.03333333],[0.14166667],0.85,[1],100000,100,999,fcfs,0.11452175194506534,0,0.8061261261261262,0.001851683925633683,0.0007290043952733763
3,1,5,1,180,[60.],[1.],[1.],[0.03333333],[0.14166667],0.85,[1],100000,100,999,sdf,0.11452175194506534,0,0.8061261261261262,0.001851683925633683,0.0007290043952733763
4,1,5,1,180,[60.],[1.],[1.],[0.03333333],[0.14166667],0.85,[1],100000,100,999,sdfprior,0.11452175194506534,0,0.8061261261261262,0.001851683925633683,0.0007290043952733763
