Unnamed: 0,J,S,gamma,D,t,c,r,mu,lab,load,imbalance,N,start_K,batch_T,method,g,conf_int,perc,ci_perc,ci_g
0,3,5,1,180,[ 10.  60. 120.],[1. 1. 1.],[1. 1. 1.],[0.01666667 0.01666667 0.01666667],[0.00448944 0.02344484 0.04289906],0.85,[0.06338028 0.33098592 0.6056338 ],100000,100,999,ospi,0.0627288726464195,0,0.8853853853853855,0.0018342695768028816,0.0004747102502694018
1,3,5,1,180,[ 10.  60. 120.],[1. 1. 1.],[1. 1. 1.],[0.01666667 0.01666667 0.01666667],[0.00448944 0.02344484 0.04289906],0.85,[0.06338028 0.33098592 0.6056338 ],100000,100,999,cmu,0.05947983243010444,0,0.8395695695695697,0.0024265867096371794,0.00042066899951865124
2,3,5,1,180,[ 10.  60. 120.],[1. 1. 1.],[1. 1. 1.],[0.01666667 0.01666667 0.01666667],[0.00448944 0.02344484 0.04289906],0.85,[0.06338028 0.33098592 0.6056338 ],100000,100,999,fcfs,0.05419753344030824,0,0.7650450450450451,0.0020343724317495038,0.0003986516425226471
3,3,5,1,180,[ 10.  60. 120.],[1. 1. 1.],[1. 1. 1.],[0.01666667 0.01666667 0.01666667],[0.00448944 0.02344484 0.04289906],0.85,[0.06338028 0.33098592 0.6056338 ],100000,100,999,sdf,0.05510528223675455,0,0.7777577577577577,0.0021297480663910566,0.00042141713014388026
4,3,5,1,180,[ 10.  60. 120.],[1. 1. 1.],[1. 1. 1.],[0.01666667 0.01666667 0.01666667],[0.00448944 0.02344484 0.04289906],0.85,[0.06338028 0.33098592 0.6056338 ],100000,100,999,sdfprior,0.06114339890907146,0,0.863003003003003,0.0019318784679829115,0.00045800832457353215
