Unnamed: 0,J,S,gamma,D,t,c,r,mu,lab,load,imbalance,N,start_K,batch_T,method,g,conf_int,perc,ci_perc,ci_g
0,3,5,10,1800,[60. 60. 60.],[1. 1. 1.],[1. 1. 1.],[0.01666667 0.01666667 0.01666667],[0.00501761 0.02620305 0.04794601],0.95,[0.06338028 0.33098592 0.6056338 ],200000,100,1999,ospi,0.05148232586295287,0,0.6512756378189095,0.0022847948356193477,0.00029499587296628264
1,3,5,10,1800,[60. 60. 60.],[1. 1. 1.],[1. 1. 1.],[0.01666667 0.01666667 0.01666667],[0.00501761 0.02620305 0.04794601],0.95,[0.06338028 0.33098592 0.6056338 ],200000,100,1999,cmu_t_min,0.042095729746683415,0,0.5324862431215608,0.0018475760179839022,0.00027340286675709503
2,3,5,10,1800,[60. 60. 60.],[1. 1. 1.],[1. 1. 1.],[0.01666667 0.01666667 0.01666667],[0.00501761 0.02620305 0.04794601],0.95,[0.06338028 0.33098592 0.6056338 ],200000,100,1999,cmu_t_max,0.05294246041448848,0,0.6697298649324662,0.002104582895963669,0.0003146892702712066
3,3,5,10,1800,[60. 60. 60.],[1. 1. 1.],[1. 1. 1.],[0.01666667 0.01666667 0.01666667],[0.00501761 0.02620305 0.04794601],0.95,[0.06338028 0.33098592 0.6056338 ],200000,100,1999,fcfs,0.023975460490969595,0,0.303311655827914,0.001277542897720954,0.00015470645821031846
4,3,5,10,1800,[60. 60. 60.],[1. 1. 1.],[1. 1. 1.],[0.01666667 0.01666667 0.01666667],[0.00501761 0.02620305 0.04794601],0.95,[0.06338028 0.33098592 0.6056338 ],200000,100,1999,sdf,0.023975460490969595,0,0.303311655827914,0.001277542897720954,0.00015470645821031846
5,3,5,10,1800,[60. 60. 60.],[1. 1. 1.],[1. 1. 1.],[0.01666667 0.01666667 0.01666667],[0.00501761 0.02620305 0.04794601],0.95,[0.06338028 0.33098592 0.6056338 ],200000,100,1999,sdfprior,0.046823991587233674,0,0.5923411705852927,0.0019427752274445418,0.00028251333447228653
6,3,5,10,1800,[60. 60. 60.],[1. 1. 1.],[1. 1. 1.],[0.01666667 0.01666667 0.01666667],[0.00501761 0.02620305 0.04794601],0.95,[0.06338028 0.33098592 0.6056338 ],200000,100,1999,l_max,0.05294246041448848,0,0.6697298649324662,0.002104582895963669,0.0003146892702712066
7,3,5,10,1800,[60. 60. 60.],[1. 1. 1.],[1. 1. 1.],[0.01666667 0.01666667 0.01666667],[0.00501761 0.02620305 0.04794601],0.95,[0.06338028 0.33098592 0.6056338 ],200000,100,1999,l_min,0.042095729746683415,0,0.5324862431215608,0.0018475760179839022,0.00027340286675709503
