Unnamed: 0,J,S,gamma,D,t,c,r,mu,lab,load,imbalance,N,start_K,batch_T,method,g,conf_int
0,6,10,1,120,[60. 60. 60. 60. 60. 60.],[1. 1. 1. 1. 1. 1.],[1. 1. 1. 1. 1. 1.],[1. 2. 3. 4. 5. 6.],[ 0.42857143  1.71428571  3.85714286  6.85714286 10.71428571 15.42857143],0.9,[0.04761905 0.0952381  0.14285714 0.19047619 0.23809524 0.28571429],99000,0,1980,ospi,1.0,0.0
1,6,10,1,120,[60. 60. 60. 60. 60. 60.],[1. 1. 1. 1. 1. 1.],[1. 1. 1. 1. 1. 1.],[1. 2. 3. 4. 5. 6.],[ 0.42857143  1.71428571  3.85714286  6.85714286 10.71428571 15.42857143],0.9,[0.04761905 0.0952381  0.14285714 0.19047619 0.23809524 0.28571429],99000,0,1980,cmu,0.9657171717171718,0.005819672267830951
2,6,10,1,120,[60. 60. 60. 60. 60. 60.],[1. 1. 1. 1. 1. 1.],[1. 1. 1. 1. 1. 1.],[1. 2. 3. 4. 5. 6.],[ 0.42857143  1.71428571  3.85714286  6.85714286 10.71428571 15.42857143],0.9,[0.04761905 0.0952381  0.14285714 0.19047619 0.23809524 0.28571429],99000,0,1980,fcfs,0.1628888888888889,0.10328157732887426
3,6,10,1,120,[60. 60. 60. 60. 60. 60.],[1. 1. 1. 1. 1. 1.],[1. 1. 1. 1. 1. 1.],[1. 2. 3. 4. 5. 6.],[ 0.42857143  1.71428571  3.85714286  6.85714286 10.71428571 15.42857143],0.9,[0.04761905 0.0952381  0.14285714 0.19047619 0.23809524 0.28571429],99000,0,1980,sdf,0.1628888888888889,0.10328157732887426
4,6,10,1,120,[60. 60. 60. 60. 60. 60.],[1. 1. 1. 1. 1. 1.],[1. 1. 1. 1. 1. 1.],[1. 2. 3. 4. 5. 6.],[ 0.42857143  1.71428571  3.85714286  6.85714286 10.71428571 15.42857143],0.9,[0.04761905 0.0952381  0.14285714 0.19047619 0.23809524 0.28571429],99000,0,1980,sdfprior,0.866020202020202,0.025355454502372223
