Unnamed: 0,J,S,gamma,D,t,c,r,mu,lab,load,imbalance,N,start_K,batch_T,method,g,conf_int,perc,ci_perc,ci_g
0,3,5,1,180,[0.03333333 0.03333333 0.03333333],[1. 1. 1.],[1. 1. 1.],[0.00761035 0.00833333 0.03267974],[0.00204997 0.01172242 0.08411581],0.85,[0.06338028 0.33098592 0.6056338 ],100000,100,999,ospi,0.01340285458555605,0.0021009192641566,0.1361761761761762,0.0014228819479586469,0.000174139581791518
1,3,5,1,180,[0.03333333 0.03333333 0.03333333],[1. 1. 1.],[1. 1. 1.],[0.00761035 0.00833333 0.03267974],[0.00204997 0.01172242 0.08411581],0.85,[0.06338028 0.33098592 0.6056338 ],100000,100,999,cmu,0.01310142208977034,0.0023717774105039,0.13318318318318317,0.0016316749350369305,0.00017730070633990852
2,3,5,1,180,[0.03333333 0.03333333 0.03333333],[1. 1. 1.],[1. 1. 1.],[0.00761035 0.00833333 0.03267974],[0.00204997 0.01172242 0.08411581],0.85,[0.06338028 0.33098592 0.6056338 ],100000,100,999,fcfs,0.00845300780476066,0.0019732781151986,0.08577577577577576,0.0014116857897735896,0.00017568473876010152
3,3,5,1,180,[0.03333333 0.03333333 0.03333333],[1. 1. 1.],[1. 1. 1.],[0.00761035 0.00833333 0.03267974],[0.00204997 0.01172242 0.08411581],0.85,[0.06338028 0.33098592 0.6056338 ],100000,100,999,sdf,0.00845300780476066,0.0019732781151986,0.08577577577577576,0.0014116857897735896,0.00017568473876010152
4,3,5,1,180,[0.03333333 0.03333333 0.03333333],[1. 1. 1.],[1. 1. 1.],[0.00761035 0.00833333 0.03267974],[0.00204997 0.01172242 0.08411581],0.85,[0.06338028 0.33098592 0.6056338 ],100000,100,999,sdfprior,0.008691008703321023,0.0017058520549469,0.08834834834834837,0.0012288674504095807,0.00015251125765642327
