Unnamed: 0,J,S,gamma,D,t,c,r,mu,lab,load,imbalance,N,start_K,batch_T,method,g,conf_int,perc,ci_perc,ci_g
0,3,5,1,180,[ 10.  60. 120.],[1. 1. 1.],[1. 1. 1.],[0.01666667 0.01666667 0.01666667],[0.00448944 0.02344484 0.04289906],0.85,[0.06338028 0.33098592 0.6056338 ],100000,0,2000,ospi,0.045107797447904746,0.0012267817747356,0.63846,0.016871702300927268,0.0012267817747356
1,3,5,1,180,[ 10.  60. 120.],[1. 1. 1.],[1. 1. 1.],[0.01666667 0.01666667 0.01666667],[0.00448944 0.02344484 0.04289906],0.85,[0.06338028 0.33098592 0.6056338 ],100000,0,2000,cmu,0.04651336983814685,0.0008168574663658,0.65808,0.012465909885279094,0.000816857466365838
2,3,5,1,180,[ 10.  60. 120.],[1. 1. 1.],[1. 1. 1.],[0.01666667 0.01666667 0.01666667],[0.00448944 0.02344484 0.04289906],0.85,[0.06338028 0.33098592 0.6056338 ],100000,0,2000,fcfs,0.010532986571429821,0.002834434317893,0.14911,0.04043172692154133,0.0028344343178930173
3,3,5,1,180,[ 10.  60. 120.],[1. 1. 1.],[1. 1. 1.],[0.01666667 0.01666667 0.01666667],[0.00448944 0.02344484 0.04289906],0.85,[0.06338028 0.33098592 0.6056338 ],100000,0,2000,sdf,0.01055813286915909,0.0028754516423179,0.14945,0.04121022700834288,0.0028754516423179157
4,3,5,1,180,[ 10.  60. 120.],[1. 1. 1.],[1. 1. 1.],[0.01666667 0.01666667 0.01666667],[0.00448944 0.02344484 0.04289906],0.85,[0.06338028 0.33098592 0.6056338 ],100000,0,2000,sdfprior,0.03857516265675802,0.0019236407191447,0.54588,0.027910526272545706,0.001923640719144785
