Unnamed: 0,J,S,gamma,D,t,c,r,mu,lab,load,imbalance,N,start_K,batch_T,method,g,conf_int
0,4,10,1,120,[60. 60. 60. 60.],[1.  1.  0.5 0.5],[1. 1. 1. 1.],[0.01666667 0.03333333 0.01666667 0.03333333],[0.01666667 0.03333333 0.05       0.1       ],0.8,[0.125 0.125 0.375 0.375],100001,1000,1980,ospi,0.15469416744490322,0.0033274215069347963
1,4,10,1,120,[60. 60. 60. 60.],[1.  1.  0.5 0.5],[1. 1. 1. 1.],[0.01666667 0.03333333 0.01666667 0.03333333],[0.01666667 0.03333333 0.05       0.1       ],0.8,[0.125 0.125 0.375 0.375],100001,1000,1980,cmu,0.17167586439636595,0.0020212130129367727
2,4,10,1,120,[60. 60. 60. 60.],[1.  1.  0.5 0.5],[1. 1. 1. 1.],[0.01666667 0.03333333 0.01666667 0.03333333],[0.01666667 0.03333333 0.05       0.1       ],0.8,[0.125 0.125 0.375 0.375],100001,1000,1980,fcfs,0.10912330674861963,0.006796817930385411
3,4,10,1,120,[60. 60. 60. 60.],[1.  1.  0.5 0.5],[1. 1. 1. 1.],[0.01666667 0.03333333 0.01666667 0.03333333],[0.01666667 0.03333333 0.05       0.1       ],0.8,[0.125 0.125 0.375 0.375],100001,1000,1980,sdf,0.10912330674861963,0.006796817930385411
4,4,10,1,120,[60. 60. 60. 60.],[1.  1.  0.5 0.5],[1. 1. 1. 1.],[0.01666667 0.03333333 0.01666667 0.03333333],[0.01666667 0.03333333 0.05       0.1       ],0.8,[0.125 0.125 0.375 0.375],100001,1000,1980,sdfprior,0.16237867097011194,0.0024335650155543798
