Unnamed: 0,J,S,gamma,D,t,c,r,mu,lab,load,imbalance,N,start_K,batch_T,method,g,conf_int,perc,ci_perc,ci_g
0,4,10,1,120,[60. 60. 60. 60.],[1.  1.  0.5 0.5],[1. 1. 1. 1.],[0.01666667 0.03333333 0.01666667 0.03333333],[0.01875 0.0375  0.05625 0.1125 ],0.9,[0.125 0.125 0.375 0.375],10000,100,99,ospi,0.21102352506405567,0,0.9240404040404039,0.0036796946449818456,0.0053502882975110955
1,4,10,1,120,[60. 60. 60. 60.],[1.  1.  0.5 0.5],[1. 1. 1. 1.],[0.01666667 0.03333333 0.01666667 0.03333333],[0.01875 0.0375  0.05625 0.1125 ],0.9,[0.125 0.125 0.375 0.375],10000,100,99,cmu,0.2171655233281406,0,0.9549494949494948,0.00266599728081689,0.004697439468418018
2,4,10,1,120,[60. 60. 60. 60.],[1.  1.  0.5 0.5],[1. 1. 1. 1.],[0.01666667 0.03333333 0.01666667 0.03333333],[0.01875 0.0375  0.05625 0.1125 ],0.9,[0.125 0.125 0.375 0.375],10000,100,99,fcfs,0.20248307201043628,0,0.8914646464646465,0.002971275255227169,0.004363095313341134
3,4,10,1,120,[60. 60. 60. 60.],[1.  1.  0.5 0.5],[1. 1. 1. 1.],[0.01666667 0.03333333 0.01666667 0.03333333],[0.01875 0.0375  0.05625 0.1125 ],0.9,[0.125 0.125 0.375 0.375],10000,100,99,sdf,0.20248307201043628,0,0.8914646464646465,0.002971275255227169,0.004363095313341134
4,4,10,1,120,[60. 60. 60. 60.],[1.  1.  0.5 0.5],[1. 1. 1. 1.],[0.01666667 0.03333333 0.01666667 0.03333333],[0.01875 0.0375  0.05625 0.1125 ],0.9,[0.125 0.125 0.375 0.375],10000,100,99,sdfprior,0.21344746232399486,0,0.937121212121212,0.0032901439977872523,0.005253075981031095
