Unnamed: 0,J,S,gamma,D,t,c,r,mu,lab,load,imbalance,N,start_K,batch_T,method,g,conf_int,perc,ci_perc,ci_g
0,2,5,15,286,[1. 1.],[1. 1.],[1. 1.],[0.33333333 0.33333333],[0.66666667 0.66666667],0.8,0,100000,100,999,ospi,0.8968239056873045,0,0.66993993993994,0.0024598287191842216,0.006816598689740572
1,2,5,15,286,[1. 1.],[1. 1.],[1. 1.],[0.33333333 0.33333333],[0.66666667 0.66666667],0.8,0,100000,100,999,cmu_t_min,0.9144567132312302,0,0.683073073073073,0.002596554649857372,0.0074246428638727975
2,2,5,15,286,[1. 1.],[1. 1.],[1. 1.],[0.33333333 0.33333333],[0.66666667 0.66666667],0.8,0,100000,100,999,cmu_t_max,0.9167147292835254,0,0.6847647647647648,0.002732038010547434,0.007445921330314556
3,2,5,15,286,[1. 1.],[1. 1.],[1. 1.],[0.33333333 0.33333333],[0.66666667 0.66666667],0.8,0,100000,100,999,fcfs,0.8016717431061298,0,0.5988188188188187,0.002195530969176563,0.006395705756934454
4,2,5,15,286,[1. 1.],[1. 1.],[1. 1.],[0.33333333 0.33333333],[0.66666667 0.66666667],0.8,0,100000,100,999,sdf,0.8016717431061298,0,0.5988188188188187,0.002195530969176563,0.006395705756934454
5,2,5,15,286,[1. 1.],[1. 1.],[1. 1.],[0.33333333 0.33333333],[0.66666667 0.66666667],0.8,0,100000,100,999,sdfprior,0.9249791414603785,0,0.6909309309309308,0.0026020670621356716,0.007312628691072662
6,2,5,15,286,[1. 1.],[1. 1.],[1. 1.],[0.33333333 0.33333333],[0.66666667 0.66666667],0.8,0,100000,100,999,l_max,0.9167147292835254,0,0.6847647647647648,0.002732038010547434,0.007445921330314556
7,2,5,15,286,[1. 1.],[1. 1.],[1. 1.],[0.33333333 0.33333333],[0.66666667 0.66666667],0.8,0,100000,100,999,l_min,0.9144567132312302,0,0.683073073073073,0.002596554649857372,0.0074246428638727975
