Unnamed: 0,J,S,gamma,D,t,c,r,mu,lab,load,imbalance,N,start_K,batch_T,method,g,conf_int,perc,ci_perc,ci_g
0,3,5,1,180,[ 10.  60. 120.],[1. 1. 1.],[1. 1. 1.],[0.00761035 0.00833333 0.03267974],[0.0018088  0.01034331 0.07421983],0.75,[0.06338028 0.33098592 0.6056338 ],99000,100,989,ospi,0.06771983085865713,0.0017790383542786,0.7816582406471183,0.001804562874830723,0.00045613884599635633
1,3,5,1,180,[ 10.  60. 120.],[1. 1. 1.],[1. 1. 1.],[0.00761035 0.00833333 0.03267974],[0.0018088  0.01034331 0.07421983],0.75,[0.06338028 0.33098592 0.6056338 ],99000,100,989,cmu,0.07643691693258906,0.0010963571220714,0.8821233569261879,0.0021531437341150437,0.0005196381988480357
2,3,5,1,180,[ 10.  60. 120.],[1. 1. 1.],[1. 1. 1.],[0.00761035 0.00833333 0.03267974],[0.0018088  0.01034331 0.07421983],0.75,[0.06338028 0.33098592 0.6056338 ],99000,100,989,fcfs,0.05645781669169611,0.0041418660000482,0.6514256825075835,0.0015929778458137005,0.0004254945463477416
3,3,5,1,180,[ 10.  60. 120.],[1. 1. 1.],[1. 1. 1.],[0.00761035 0.00833333 0.03267974],[0.0018088  0.01034331 0.07421983],0.75,[0.06338028 0.33098592 0.6056338 ],99000,100,989,sdf,0.05413783541677119,0.0037777980718054,0.624721941354904,0.001109212279437151,0.00042066650871769843
4,3,5,1,180,[ 10.  60. 120.],[1. 1. 1.],[1. 1. 1.],[0.00761035 0.00833333 0.03267974],[0.0018088  0.01034331 0.07421983],0.75,[0.06338028 0.33098592 0.6056338 ],99000,100,989,sdfprior,0.05852421134758936,0.0028496505939463,0.6750151668351871,0.0018681407628613846,0.0005119431689257883
