Unnamed: 0,J,S,gamma,D,t,c,r,mu,lab,load,imbalance,N,start_K,batch_T,method,g,conf_int,perc,ci_perc,ci_g
0,2,2,15,274,[1. 1.],[1. 1.],[1. 1.],[0.33333333 0.66666667],[0.11666667 0.7       ],0.7,0,10000,100,99,ospi,0.4704986171969621,0,0.5521212121212122,0.009462432062215967,0.013171260148750877
1,2,2,15,274,[1. 1.],[1. 1.],[1. 1.],[0.33333333 0.66666667],[0.11666667 0.7       ],0.7,0,10000,100,99,cmu,0.4938071415887207,0,0.5798989898989899,0.009218527699034787,0.013189629865266025
2,2,2,15,274,[1. 1.],[1. 1.],[1. 1.],[0.33333333 0.66666667],[0.11666667 0.7       ],0.7,0,10000,100,99,fcfs,0.4527626046720347,0,0.5312121212121212,0.009536185088926456,0.012941734582943589
3,2,2,15,274,[1. 1.],[1. 1.],[1. 1.],[0.33333333 0.66666667],[0.11666667 0.7       ],0.7,0,10000,100,99,sdf,0.4527626046720347,0,0.5312121212121212,0.009536185088926456,0.012941734582943589
4,2,2,15,274,[1. 1.],[1. 1.],[1. 1.],[0.33333333 0.66666667],[0.11666667 0.7       ],0.7,0,10000,100,99,sdfprior,0.4865543114293224,0,0.5703030303030303,0.009780984086901692,0.014130933667308923
