Unnamed: 0,J,S,gamma,D,t,c,r,mu,lab,load,imbalance,N,start_K,batch_T,method,g,conf_int
0,6,10,1,120,[60. 60. 60. 60. 60. 60.],[1. 1. 1. 1. 1. 1.],[1. 1. 1. 1. 1. 1.],[1. 2. 3. 4. 5. 6.],[ 0.38095238  1.52380952  3.42857143  6.0952381   9.52380952 13.71428571],0.8,[0.04761905 0.0952381  0.14285714 0.19047619 0.23809524 0.28571429],10000001,10000,199800,ospi,34.69155465544115,0.026798213353334776
1,6,10,1,120,[60. 60. 60. 60. 60. 60.],[1. 1. 1. 1. 1. 1.],[1. 1. 1. 1. 1. 1.],[1. 2. 3. 4. 5. 6.],[ 0.38095238  1.52380952  3.42857143  6.0952381   9.52380952 13.71428571],0.8,[0.04761905 0.0952381  0.14285714 0.19047619 0.23809524 0.28571429],10000001,10000,199800,cmu,34.64821486086812,0.025539284495321005
2,6,10,1,120,[60. 60. 60. 60. 60. 60.],[1. 1. 1. 1. 1. 1.],[1. 1. 1. 1. 1. 1.],[1. 2. 3. 4. 5. 6.],[ 0.38095238  1.52380952  3.42857143  6.0952381   9.52380952 13.71428571],0.8,[0.04761905 0.0952381  0.14285714 0.19047619 0.23809524 0.28571429],10000001,10000,199800,fcfs,7.537879345489409,3.9060938361672948
3,6,10,1,120,[60. 60. 60. 60. 60. 60.],[1. 1. 1. 1. 1. 1.],[1. 1. 1. 1. 1. 1.],[1. 2. 3. 4. 5. 6.],[ 0.38095238  1.52380952  3.42857143  6.0952381   9.52380952 13.71428571],0.8,[0.04761905 0.0952381  0.14285714 0.19047619 0.23809524 0.28571429],10000001,10000,199800,sdf,5.078078940378697,3.203138959071281
4,6,10,1,120,[60. 60. 60. 60. 60. 60.],[1. 1. 1. 1. 1. 1.],[1. 1. 1. 1. 1. 1.],[1. 2. 3. 4. 5. 6.],[ 0.38095238  1.52380952  3.42857143  6.0952381   9.52380952 13.71428571],0.8,[0.04761905 0.0952381  0.14285714 0.19047619 0.23809524 0.28571429],10000001,10000,199800,sdfprior,32.84363432966794,0.6918335940905624
