Unnamed: 0,J,S,gamma,D,t,c,r,mu,lab,load,imbalance,N,start_K,batch_T,method,g,conf_int,perc,ci_perc,ci_g
0,3,5,1,180,[0.03333333 0.03333333 0.03333333],[1. 1. 1.],[1. 1. 1.],[0.00761035 0.00833333 0.03267974],[0.00204997 0.01172242 0.08411581],0.85,[0.06338028 0.33098592 0.6056338 ],100000,0,2000,ospi,0.013421262634858194,0.0021009192641566,0.13672,0.021771802391606865,0.0021009192641566676
1,3,5,1,180,[0.03333333 0.03333333 0.03333333],[1. 1. 1.],[1. 1. 1.],[0.00761035 0.00833333 0.03267974],[0.00204997 0.01172242 0.08411581],0.85,[0.06338028 0.33098592 0.6056338 ],100000,0,2000,cmu,0.013126590401219626,0.0023717774105039,0.13373,0.024513088674136308,0.0023717774105039245
2,3,5,1,180,[0.03333333 0.03333333 0.03333333],[1. 1. 1.],[1. 1. 1.],[0.00761035 0.00833333 0.03267974],[0.00204997 0.01172242 0.08411581],0.85,[0.06338028 0.33098592 0.6056338 ],100000,0,2000,fcfs,0.008456064928699093,0.0019732781151986,0.08616,0.020184052278218588,0.0019732781151986854
3,3,5,1,180,[0.03333333 0.03333333 0.03333333],[1. 1. 1.],[1. 1. 1.],[0.00761035 0.00833333 0.03267974],[0.00204997 0.01172242 0.08411581],0.85,[0.06338028 0.33098592 0.6056338 ],100000,0,2000,sdf,0.008456064928699093,0.0019732781151986,0.08616,0.020184052278218588,0.0019732781151986854
4,3,5,1,180,[0.03333333 0.03333333 0.03333333],[1. 1. 1.],[1. 1. 1.],[0.00761035 0.00833333 0.03267974],[0.00204997 0.01172242 0.08411581],0.85,[0.06338028 0.33098592 0.6056338 ],100000,0,2000,sdfprior,0.00871190540682859,0.0017058520549469,0.08894,0.01750830611885182,0.0017058520549469633
