Unnamed: 0,J,S,gamma,D,t,c,r,mu,lab,load,imbalance,N,start_K,batch_T,method,g,conf_int,perc,ci_perc,ci_g
0,3,5,1,180,[ 10.  60. 120.],[1. 1. 1.],[1. 1. 1.],[0.00761035 0.00833333 0.03267974],[0.0018088  0.01034331 0.07421983],0.75,[0.06338028 0.33098592 0.6056338 ],10000,100,99,ospi,0.08416319415541636,0,0.9572727272727272,0.0037022600611106883,0.0018064733548126873
1,3,5,1,180,[ 10.  60. 120.],[1. 1. 1.],[1. 1. 1.],[0.00761035 0.00833333 0.03267974],[0.0018088  0.01034331 0.07421983],0.75,[0.06338028 0.33098592 0.6056338 ],10000,100,99,cmu,0.08493455499882087,0,0.9665656565656565,0.0033091642607182836,0.001785663551521713
2,3,5,1,180,[ 10.  60. 120.],[1. 1. 1.],[1. 1. 1.],[0.00761035 0.00833333 0.03267974],[0.0018088  0.01034331 0.07421983],0.75,[0.06338028 0.33098592 0.6056338 ],10000,100,99,fcfs,0.08195170006050859,0,0.9333333333333335,0.004162210410091705,0.001677970233886514
3,3,5,1,180,[ 10.  60. 120.],[1. 1. 1.],[1. 1. 1.],[0.00761035 0.00833333 0.03267974],[0.0018088  0.01034331 0.07421983],0.75,[0.06338028 0.33098592 0.6056338 ],10000,100,99,sdf,0.0806817279986983,0,0.9182828282828283,0.0032421580826628126,0.001721296942857007
4,3,5,1,180,[ 10.  60. 120.],[1. 1. 1.],[1. 1. 1.],[0.00761035 0.00833333 0.03267974],[0.0018088  0.01034331 0.07421983],0.75,[0.06338028 0.33098592 0.6056338 ],10000,100,99,sdfprior,0.08132907426854091,0,0.9254545454545453,0.0036157623562540326,0.0017729737835988197
