Unnamed: 0,J,S,gamma,D,t,c,r,mu,lab,load,imbalance,N,start_K,batch_T,method,g,conf_int,perc,ci_perc,ci_g
0,1,5,1,180,[60.],[1.],[1.],[0.03333333],[0.14166667],0.85,[1],100000,100,999,ospi,0.12281888146647425,0,0.8646046046046046,0.0015274371285042428,0.0007590621265810855
1,1,5,1,180,[60.],[1.],[1.],[0.03333333],[0.14166667],0.85,[1],100000,100,999,cmu,0.12281888146647425,0,0.8646046046046046,0.0015274371285042428,0.0007590621265810855
2,1,5,1,180,[60.],[1.],[1.],[0.03333333],[0.14166667],0.85,[1],100000,100,999,fcfs,0.12281888146647425,0,0.8646046046046046,0.0015274371285042428,0.0007590621265810855
3,1,5,1,180,[60.],[1.],[1.],[0.03333333],[0.14166667],0.85,[1],100000,100,999,sdf,0.12281888146647425,0,0.8646046046046046,0.0015274371285042428,0.0007590621265810855
4,1,5,1,180,[60.],[1.],[1.],[0.03333333],[0.14166667],0.85,[1],100000,100,999,sdfprior,0.12281888146647425,0,0.8646046046046046,0.0015274371285042428,0.0007590621265810855
