Unnamed: 0,J,S,gamma,D,t,c,r,mu,lab,load,imbalance,N,start_K,batch_T,method,g,conf_int,perc,ci_perc,ci_g
0,4,10,10,1800,[60. 60. 60. 60.],[1.  1.  0.5 0.5],[1. 1. 1. 1.],[0.01666667 0.03333333 0.01666667 0.03333333],[0.01666667 0.03333333 0.05       0.1       ],0.8,[0.125 0.125 0.375 0.375],100000,100,999,ospi,0.1978018855194514,0,0.9879229229229228,0.00041587623394035746,0.0012176770398284458
1,4,10,10,1800,[60. 60. 60. 60.],[1.  1.  0.5 0.5],[1. 1. 1. 1.],[0.01666667 0.03333333 0.01666667 0.03333333],[0.01666667 0.03333333 0.05       0.1       ],0.8,[0.125 0.125 0.375 0.375],100000,100,999,cmu_t_min,0.19745511514612324,0,0.9862662662662663,0.00044030268453035303,0.0012079155121606522
2,4,10,10,1800,[60. 60. 60. 60.],[1.  1.  0.5 0.5],[1. 1. 1. 1.],[0.01666667 0.03333333 0.01666667 0.03333333],[0.01666667 0.03333333 0.05       0.1       ],0.8,[0.125 0.125 0.375 0.375],100000,100,999,cmu_t_max,0.19745511514612324,0,0.9862662662662663,0.00044030268453035303,0.0012079155121606522
3,4,10,10,1800,[60. 60. 60. 60.],[1.  1.  0.5 0.5],[1. 1. 1. 1.],[0.01666667 0.03333333 0.01666667 0.03333333],[0.01666667 0.03333333 0.05       0.1       ],0.8,[0.125 0.125 0.375 0.375],100000,100,999,fcfs,0.1967936999623622,0,0.982892892892893,0.0004551456692905081,0.0011952851853703034
4,4,10,10,1800,[60. 60. 60. 60.],[1.  1.  0.5 0.5],[1. 1. 1. 1.],[0.01666667 0.03333333 0.01666667 0.03333333],[0.01666667 0.03333333 0.05       0.1       ],0.8,[0.125 0.125 0.375 0.375],100000,100,999,sdf,0.1967936999623622,0,0.982892892892893,0.0004551456692905081,0.0011952851853703034
5,4,10,10,1800,[60. 60. 60. 60.],[1.  1.  0.5 0.5],[1. 1. 1. 1.],[0.01666667 0.03333333 0.01666667 0.03333333],[0.01666667 0.03333333 0.05       0.1       ],0.8,[0.125 0.125 0.375 0.375],100000,100,999,sdfprior,0.19799699732197534,0,0.9888988988988988,0.00038279683403063364,0.001215729356303773
6,4,10,10,1800,[60. 60. 60. 60.],[1.  1.  0.5 0.5],[1. 1. 1. 1.],[0.01666667 0.03333333 0.01666667 0.03333333],[0.01666667 0.03333333 0.05       0.1       ],0.8,[0.125 0.125 0.375 0.375],100000,100,999,l_max,0.1947553075755715,0,0.9727677677677677,0.0009525039165932845,0.0012134196616381575
7,4,10,10,1800,[60. 60. 60. 60.],[1.  1.  0.5 0.5],[1. 1. 1. 1.],[0.01666667 0.03333333 0.01666667 0.03333333],[0.01666667 0.03333333 0.05       0.1       ],0.8,[0.125 0.125 0.375 0.375],100000,100,999,l_min,0.1955271258004528,0,0.9766016016016015,0.0005339494094640891,0.0011871633775432824
