Unnamed: 0,J,S,gamma,D,t,c,r,mu,lab,load,imbalance,N,start_K,batch_T,method,g,conf_int,perc,ci_perc,ci_g
0,2,5,15,230,[1. 1.],[1. 1.],[1. 1.],[0.33333333 0.5       ],[0.66666667 1.        ],0.8,0,10000,100,99,ospi,1.1684750435102829,0,0.6891919191919195,0.007506691067683258,0.02852440173889086
1,2,5,15,230,[1. 1.],[1. 1.],[1. 1.],[0.33333333 0.5       ],[0.66666667 1.        ],0.8,0,10000,100,99,cmu,1.2711663218192601,0,0.751010101010101,0.008154959815662456,0.029736751408284412
2,2,5,15,230,[1. 1.],[1. 1.],[1. 1.],[0.33333333 0.5       ],[0.66666667 1.        ],0.8,0,10000,100,99,fcfs,1.1181531977720163,0,0.6606060606060608,0.008296122423885974,0.028269770972984685
3,2,5,15,230,[1. 1.],[1. 1.],[1. 1.],[0.33333333 0.5       ],[0.66666667 1.        ],0.8,0,10000,100,99,sdf,1.1181531977720163,0,0.6606060606060608,0.008296122423885974,0.028269770972984685
4,2,5,15,230,[1. 1.],[1. 1.],[1. 1.],[0.33333333 0.5       ],[0.66666667 1.        ],0.8,0,10000,100,99,sdfprior,1.2628186909117758,0,0.7444444444444445,0.00877148340828063,0.032948535779767946
