Unnamed: 0,J,S,gamma,D,t,c,r,mu,lab,load,imbalance,N,start_K,batch_T,method,g,conf_int,perc,ci_perc,ci_g
0,1,5,1,180,[60.],[1.],[1.],[0.03333333],[0.14166667],0.85,[1],10000,100,99,ospi,0.12432902959926365,0,0.8636363636363634,0.004090975079198916,0.0024594637665184475
1,1,5,1,180,[60.],[1.],[1.],[0.03333333],[0.14166667],0.85,[1],10000,100,99,cmu,0.12432902959926365,0,0.8636363636363634,0.004090975079198916,0.0024594637665184475
2,1,5,1,180,[60.],[1.],[1.],[0.03333333],[0.14166667],0.85,[1],10000,100,99,fcfs,0.12432902959926365,0,0.8636363636363634,0.004090975079198916,0.0024594637665184475
3,1,5,1,180,[60.],[1.],[1.],[0.03333333],[0.14166667],0.85,[1],10000,100,99,sdf,0.12432902959926365,0,0.8636363636363634,0.004090975079198916,0.0024594637665184475
4,1,5,1,180,[60.],[1.],[1.],[0.03333333],[0.14166667],0.85,[1],10000,100,99,sdfprior,0.12432902959926365,0,0.8636363636363634,0.004090975079198916,0.0024594637665184475
