Unnamed: 0,J,S,gamma,D,t,c,r,mu,lab,load,imbalance,N,start_K,batch_T,method,g,conf_int,perc,ci_perc,ci_g
0,3,5,1,180,[ 10.  60. 120.],[1. 1. 1.],[1. 1. 1.],[0.00761035 0.00833333 0.03267974],[0.00204997 0.01172242 0.08411581],0.85,[0.06338028 0.33098592 0.6056338 ],100000,100,999,ospi,0.08776796433127973,0.0024831939526751,0.899179179179179,0.001598958784260716,0.000621817745358704
1,3,5,1,180,[ 10.  60. 120.],[1. 1. 1.],[1. 1. 1.],[0.00761035 0.00833333 0.03267974],[0.00204997 0.01172242 0.08411581],0.85,[0.06338028 0.33098592 0.6056338 ],100000,100,999,cmu,0.09145838304805042,0.001593140332752,0.9371371371371372,0.0015715014295975243,0.0006642185196373419
2,3,5,1,180,[ 10.  60. 120.],[1. 1. 1.],[1. 1. 1.],[0.00761035 0.00833333 0.03267974],[0.00204997 0.01172242 0.08411581],0.85,[0.06338028 0.33098592 0.6056338 ],100000,100,999,fcfs,0.0811505044202241,0.0047780861503786,0.8313413413413415,0.0013625134042911013,0.000577853754072739
3,3,5,1,180,[ 10.  60. 120.],[1. 1. 1.],[1. 1. 1.],[0.00761035 0.00833333 0.03267974],[0.00204997 0.01172242 0.08411581],0.85,[0.06338028 0.33098592 0.6056338 ],100000,100,999,sdf,0.07891174926963405,0.0044321826306171,0.8084084084084081,0.0014016446886214525,0.0005894555345985766
4,3,5,1,180,[ 10.  60. 120.],[1. 1. 1.],[1. 1. 1.],[0.00761035 0.00833333 0.03267974],[0.00204997 0.01172242 0.08411581],0.85,[0.06338028 0.33098592 0.6056338 ],100000,100,999,sdfprior,0.08213506490249411,0.0044701602143774,0.8413413413413413,0.0013949003484400085,0.0006318520745415805
