Unnamed: 0,J,S,gamma,D,t,c,r,mu,lab,load,imbalance,N,start_K,batch_T,method,g,conf_int,perc,ci_perc,ci_g
0,3,5,10,1800,[ 10.  60. 120.],[1. 1. 1.],[1. 1. 1.],[0.01666667 0.01666667 0.01666667],[0.00448944 0.02344484 0.04289906],0.85,[0.06338028 0.33098592 0.6056338 ],100000,100,999,ospi,0.06279151265162293,0,0.8862662662662664,0.0018807451980071474,0.00046615354617912636
1,3,5,10,1800,[ 10.  60. 120.],[1. 1. 1.],[1. 1. 1.],[0.01666667 0.01666667 0.01666667],[0.00448944 0.02344484 0.04289906],0.85,[0.06338028 0.33098592 0.6056338 ],100000,100,999,cmu_t_min,0.05834119389940786,0,0.8234934934934937,0.0020591914898420087,0.00043469403844944774
2,3,5,10,1800,[ 10.  60. 120.],[1. 1. 1.],[1. 1. 1.],[0.01666667 0.01666667 0.01666667],[0.00448944 0.02344484 0.04289906],0.85,[0.06338028 0.33098592 0.6056338 ],100000,100,999,cmu_t_max,0.05947983243010444,0,0.8395695695695697,0.0024265867096371794,0.00042066899951865124
3,3,5,10,1800,[ 10.  60. 120.],[1. 1. 1.],[1. 1. 1.],[0.01666667 0.01666667 0.01666667],[0.00448944 0.02344484 0.04289906],0.85,[0.06338028 0.33098592 0.6056338 ],100000,100,999,fcfs,0.05419753344030824,0,0.7650450450450451,0.0020343724317495038,0.0003986516425226471
4,3,5,10,1800,[ 10.  60. 120.],[1. 1. 1.],[1. 1. 1.],[0.01666667 0.01666667 0.01666667],[0.00448944 0.02344484 0.04289906],0.85,[0.06338028 0.33098592 0.6056338 ],100000,100,999,sdf,0.05510528223675455,0,0.7777577577577577,0.0021297480663910566,0.00042141713014388026
5,3,5,10,1800,[ 10.  60. 120.],[1. 1. 1.],[1. 1. 1.],[0.01666667 0.01666667 0.01666667],[0.00448944 0.02344484 0.04289906],0.85,[0.06338028 0.33098592 0.6056338 ],100000,100,999,sdfprior,0.06114339890907146,0,0.863003003003003,0.0019318784679829115,0.00045800832457353215
6,3,5,10,1800,[ 10.  60. 120.],[1. 1. 1.],[1. 1. 1.],[0.01666667 0.01666667 0.01666667],[0.00448944 0.02344484 0.04289906],0.85,[0.06338028 0.33098592 0.6056338 ],100000,100,999,l_max,0.05947983243010444,0,0.8395695695695697,0.0024265867096371794,0.00042066899951865124
7,3,5,10,1800,[ 10.  60. 120.],[1. 1. 1.],[1. 1. 1.],[0.01666667 0.01666667 0.01666667],[0.00448944 0.02344484 0.04289906],0.85,[0.06338028 0.33098592 0.6056338 ],100000,100,999,l_min,0.05834119389940786,0,0.8234934934934937,0.0020591914898420087,0.00043469403844944774
