Unnamed: 0,J,S,gamma,D,t,c,r,mu,lab,load,imbalance,N,start_K,batch_T,method,g,conf_int,perc,ci_perc,ci_g
0,1,5,10,1800,[60.],[1.],[1.],[0.03333333],[0.14166667],0.85,[1],200000,100,1999,ospi,0.12162311204280195,0,0.8597098549274638,0.001049821609242229,0.0005353233747565948
1,1,5,10,1800,[60.],[1.],[1.],[0.03333333],[0.14166667],0.85,[1],200000,100,1999,cmu_t_min,0.12162311204280195,0,0.8597098549274638,0.001049821609242229,0.0005353233747565948
2,1,5,10,1800,[60.],[1.],[1.],[0.03333333],[0.14166667],0.85,[1],200000,100,1999,cmu_t_max,0.12162311204280195,0,0.8597098549274638,0.001049821609242229,0.0005353233747565948
3,1,5,10,1800,[60.],[1.],[1.],[0.03333333],[0.14166667],0.85,[1],200000,100,1999,fcfs,0.12162311204280195,0,0.8597098549274638,0.001049821609242229,0.0005353233747565948
4,1,5,10,1800,[60.],[1.],[1.],[0.03333333],[0.14166667],0.85,[1],200000,100,1999,sdf,0.12162311204280195,0,0.8597098549274638,0.001049821609242229,0.0005353233747565948
5,1,5,10,1800,[60.],[1.],[1.],[0.03333333],[0.14166667],0.85,[1],200000,100,1999,sdfprior,0.12162311204280195,0,0.8597098549274638,0.001049821609242229,0.0005353233747565948
6,1,5,10,1800,[60.],[1.],[1.],[0.03333333],[0.14166667],0.85,[1],200000,100,1999,l_max,0.12162311204280195,0,0.8597098549274638,0.001049821609242229,0.0005353233747565948
7,1,5,10,1800,[60.],[1.],[1.],[0.03333333],[0.14166667],0.85,[1],200000,100,1999,l_min,0.12162311204280195,0,0.8597098549274638,0.001049821609242229,0.0005353233747565948
