Unnamed: 0,J,S,gamma,D,t,c,r,mu,lab,load,imbalance,N,start_K,batch_T,method,g,conf_int
0,4,10,1,120,[60. 60. 60. 60.],[1.  1.  0.5 0.5],[1. 1. 1. 1.],[0.01666667 0.03333333 0.01666667 0.03333333],[0.01666667 0.03333333 0.05       0.1       ],0.8,[0.125 0.125 0.375 0.375],10000001,10000,199800,ospi,0.15420628442282863,0.0004824074856013312
1,4,10,1,120,[60. 60. 60. 60.],[1.  1.  0.5 0.5],[1. 1. 1. 1.],[0.01666667 0.03333333 0.01666667 0.03333333],[0.01666667 0.03333333 0.05       0.1       ],0.8,[0.125 0.125 0.375 0.375],10000001,10000,199800,cmu,0.1724702897658932,0.000253632023600919
2,4,10,1,120,[60. 60. 60. 60.],[1.  1.  0.5 0.5],[1. 1. 1. 1.],[0.01666667 0.03333333 0.01666667 0.03333333],[0.01666667 0.03333333 0.05       0.1       ],0.8,[0.125 0.125 0.375 0.375],10000001,10000,199800,fcfs,0.11185919220887139,0.0011811884903942243
3,4,10,1,120,[60. 60. 60. 60.],[1.  1.  0.5 0.5],[1. 1. 1. 1.],[0.01666667 0.03333333 0.01666667 0.03333333],[0.01666667 0.03333333 0.05       0.1       ],0.8,[0.125 0.125 0.375 0.375],10000001,10000,199800,sdf,0.11202585272152717,0.00092626621010257
4,4,10,1,120,[60. 60. 60. 60.],[1.  1.  0.5 0.5],[1. 1. 1. 1.],[0.01666667 0.03333333 0.01666667 0.03333333],[0.01666667 0.03333333 0.05       0.1       ],0.8,[0.125 0.125 0.375 0.375],10000001,10000,199800,sdfprior,0.16271963472192122,0.0003433288838722688
