Unnamed: 0,J,S,gamma,D,t,c,r,mu,lab,load,imbalance,N,start_K,batch_T,method,g,conf_int,perc,ci_perc,ci_g
0,3,5,1,180,[60. 60. 60.],[1. 1. 1.],[1. 1. 1.],[0.01666667 0.01666667 0.01666667],[0.00448944 0.02344484 0.04289906],0.85,[0.06338028 0.33098592 0.6056338 ],100000,100,999,ospi,0.03806713283449029,0,0.5384284284284285,0.0027582885159583613,0.0002957774396890959
1,3,5,1,180,[60. 60. 60.],[1. 1. 1.],[1. 1. 1.],[0.01666667 0.01666667 0.01666667],[0.00448944 0.02344484 0.04289906],0.85,[0.06338028 0.33098592 0.6056338 ],100000,100,999,cmu,0.04016077869296875,0,0.5679079079079079,0.0028702137914321853,0.0003374495301351723
2,3,5,1,180,[60. 60. 60.],[1. 1. 1.],[1. 1. 1.],[0.01666667 0.01666667 0.01666667],[0.00448944 0.02344484 0.04289906],0.85,[0.06338028 0.33098592 0.6056338 ],100000,100,999,fcfs,0.009841719507607932,0,0.13916916916916916,0.0008915242618950624,0.00010403367827620828
3,3,5,1,180,[60. 60. 60.],[1. 1. 1.],[1. 1. 1.],[0.01666667 0.01666667 0.01666667],[0.00448944 0.02344484 0.04289906],0.85,[0.06338028 0.33098592 0.6056338 ],100000,100,999,sdf,0.009841719507607932,0,0.13916916916916916,0.0008915242618950624,0.00010403367827620828
4,3,5,1,180,[60. 60. 60.],[1. 1. 1.],[1. 1. 1.],[0.01666667 0.01666667 0.01666667],[0.00448944 0.02344484 0.04289906],0.85,[0.06338028 0.33098592 0.6056338 ],100000,100,999,sdfprior,0.034646245852019836,0,0.4897297297297298,0.0027849840636966325,0.0003399979776545322
