Unnamed: 0,J,S,gamma,D,t,c,r,mu,lab,load,imbalance,N,start_K,batch_T,method,g,conf_int,perc,ci_perc,ci_g
0,4,5,10,1800,[60. 60. 60. 60.],[1.  1.  0.5 0.5],[1. 1. 1. 1.],[0.01666667 0.03333333 0.01666667 0.03333333],[0.00989583 0.01979167 0.0296875  0.059375  ],0.95,[0.125 0.125 0.375 0.375],200000,100,1999,ospi,0.10144464900217968,0,0.855142571285643,0.001146062995243835,0.00041330169914655156
1,4,5,10,1800,[60. 60. 60. 60.],[1.  1.  0.5 0.5],[1. 1. 1. 1.],[0.01666667 0.03333333 0.01666667 0.03333333],[0.00989583 0.01979167 0.0296875  0.059375  ],0.95,[0.125 0.125 0.375 0.375],200000,100,1999,cmu_t_min,0.10380977299781013,0,0.875055027513757,0.0007894918913570039,0.0003890476154190137
2,4,5,10,1800,[60. 60. 60. 60.],[1.  1.  0.5 0.5],[1. 1. 1. 1.],[0.01666667 0.03333333 0.01666667 0.03333333],[0.00989583 0.01979167 0.0296875  0.059375  ],0.95,[0.125 0.125 0.375 0.375],200000,100,1999,cmu_t_max,0.10380977299781013,0,0.875055027513757,0.0007894918913570039,0.0003890476154190137
3,4,5,10,1800,[60. 60. 60. 60.],[1.  1.  0.5 0.5],[1. 1. 1. 1.],[0.01666667 0.03333333 0.01666667 0.03333333],[0.00989583 0.01979167 0.0296875  0.059375  ],0.95,[0.125 0.125 0.375 0.375],200000,100,1999,fcfs,0.07322404001869942,0,0.6171685842921462,0.0009086793179043354,0.00031150628317644884
4,4,5,10,1800,[60. 60. 60. 60.],[1.  1.  0.5 0.5],[1. 1. 1. 1.],[0.01666667 0.03333333 0.01666667 0.03333333],[0.00989583 0.01979167 0.0296875  0.059375  ],0.95,[0.125 0.125 0.375 0.375],200000,100,1999,sdf,0.07322404001869942,0,0.6171685842921462,0.0009086793179043354,0.00031150628317644884
5,4,5,10,1800,[60. 60. 60. 60.],[1.  1.  0.5 0.5],[1. 1. 1. 1.],[0.01666667 0.03333333 0.01666667 0.03333333],[0.00989583 0.01979167 0.0296875  0.059375  ],0.95,[0.125 0.125 0.375 0.375],200000,100,1999,sdfprior,0.09887864416787855,0,0.8332666333166584,0.0011800951684504458,0.00046680950454891886
6,4,5,10,1800,[60. 60. 60. 60.],[1.  1.  0.5 0.5],[1. 1. 1. 1.],[0.01666667 0.03333333 0.01666667 0.03333333],[0.00989583 0.01979167 0.0296875  0.059375  ],0.95,[0.125 0.125 0.375 0.375],200000,100,1999,l_max,0.09637899478016383,0,0.8123736868434215,0.001490408977947037,0.00042679576538208415
7,4,5,10,1800,[60. 60. 60. 60.],[1.  1.  0.5 0.5],[1. 1. 1. 1.],[0.01666667 0.03333333 0.01666667 0.03333333],[0.00989583 0.01979167 0.0296875  0.059375  ],0.95,[0.125 0.125 0.375 0.375],200000,100,1999,l_min,0.09573437057512119,0,0.8067783891945974,0.001203417330124269,0.00043718492987718065
