Unnamed: 0,J,S,gamma,D,t,c,r,mu,lab,load,imbalance,N,start_K,batch_T,method,g,conf_int
0,3,5,1,180,[ 10.  60. 120.],[1. 1. 1.],[1. 1. 1.],[0.00761035 0.00833333 0.03267974],[0.00204997 0.01172242 0.08411581],0.85,[0.06338028 0.33098592 0.6056338 ],100000,0,2000,ospi,0.62106,0.026126838940210655
1,3,5,1,180,[ 10.  60. 120.],[1. 1. 1.],[1. 1. 1.],[0.00761035 0.00833333 0.03267974],[0.00204997 0.01172242 0.08411581],0.85,[0.06338028 0.33098592 0.6056338 ],100000,0,2000,cmu,0.79184,0.015163158058070227
2,3,5,1,180,[ 10.  60. 120.],[1. 1. 1.],[1. 1. 1.],[0.00761035 0.00833333 0.03267974],[0.00204997 0.01172242 0.08411581],0.85,[0.06338028 0.33098592 0.6056338 ],100000,0,2000,fcfs,0.27242,0.04966934908562592
3,3,5,1,180,[ 10.  60. 120.],[1. 1. 1.],[1. 1. 1.],[0.00761035 0.00833333 0.03267974],[0.00204997 0.01172242 0.08411581],0.85,[0.06338028 0.33098592 0.6056338 ],100000,0,2000,sdf,0.26741,0.046069787941634896
4,3,5,1,180,[ 10.  60. 120.],[1. 1. 1.],[1. 1. 1.],[0.00761035 0.00833333 0.03267974],[0.00204997 0.01172242 0.08411581],0.85,[0.06338028 0.33098592 0.6056338 ],100000,0,2000,sdfprior,0.3841,0.04656112890639903
