Unnamed: 0,J,S,gamma,D,t,c,r,mu,lab,load,imbalance,N,start_K,batch_T,method,g,conf_int,perc,ci_perc,ci_g
0,2,10,15,138,[1. 1.],[1. 1.],[1. 1.],[0.33333333 0.33333333],[1.33333333 1.33333333],0.8,0,100000,100,999,ospi,2.2332963574073705,0,0.8329529529529529,0.0020222650655227848,0.014392685605035923
1,2,10,15,138,[1. 1.],[1. 1.],[1. 1.],[0.33333333 0.33333333],[1.33333333 1.33333333],0.8,0,100000,100,999,cmu_t_min,2.274191377708147,0,0.8480980980980981,0.00214189391971963,0.01604156760480995
2,2,10,15,138,[1. 1.],[1. 1.],[1. 1.],[0.33333333 0.33333333],[1.33333333 1.33333333],0.8,0,100000,100,999,cmu_t_max,2.2665542252328206,0,0.8452452452452452,0.001976196072245176,0.014974158056653569
3,2,10,15,138,[1. 1.],[1. 1.],[1. 1.],[0.33333333 0.33333333],[1.33333333 1.33333333],0.8,0,100000,100,999,fcfs,2.113898200785702,0,0.7883983983983985,0.0022022380203291923,0.014206271580136261
4,2,10,15,138,[1. 1.],[1. 1.],[1. 1.],[0.33333333 0.33333333],[1.33333333 1.33333333],0.8,0,100000,100,999,sdf,2.113898200785702,0,0.7883983983983985,0.0022022380203291923,0.014206271580136261
5,2,10,15,138,[1. 1.],[1. 1.],[1. 1.],[0.33333333 0.33333333],[1.33333333 1.33333333],0.8,0,100000,100,999,sdfprior,2.2944602878479454,0,0.8556156156156157,0.0020492727017365317,0.01572247980877036
6,2,10,15,138,[1. 1.],[1. 1.],[1. 1.],[0.33333333 0.33333333],[1.33333333 1.33333333],0.8,0,100000,100,999,l_max,2.2665542252328206,0,0.8452452452452452,0.001976196072245176,0.014974158056653569
7,2,10,15,138,[1. 1.],[1. 1.],[1. 1.],[0.33333333 0.33333333],[1.33333333 1.33333333],0.8,0,100000,100,999,l_min,2.274191377708147,0,0.8480980980980981,0.00214189391971963,0.01604156760480995
