,J,S,gamma,D,t,c,r,mu,lab,load,imbalance,N,start_K,batch_T,method,g,conf_int
0,3,5,0.2,240,[ 30  60 120],[1 1 1],[1 1 1],[0.16666667 0.08333333 0.05555556],[0.02333333 0.09333333 0.11666667],0.75,[0.5 0.4 0.1],0,0,0,ospi,0,0
1,3,5,0.2,240,[ 30  60 120],[1 1 1],[1 1 1],[0.16666667 0.08333333 0.05555556],[0.02333333 0.09333333 0.11666667],0.75,[0.5 0.4 0.1],0,0,0,cmu,0,0
2,3,5,0.2,240,[ 30  60 120],[1 1 1],[1 1 1],[0.16666667 0.08333333 0.05555556],[0.02333333 0.09333333 0.11666667],0.75,[0.5 0.4 0.1],0,0,0,fcfs,0,0
3,3,5,0.2,240,[ 30  60 120],[1 1 1],[1 1 1],[0.16666667 0.08333333 0.05555556],[0.02333333 0.09333333 0.11666667],0.75,[0.5 0.4 0.1],0,0,0,sdf,0,0
4,3,5,0.2,240,[ 30  60 120],[1 1 1],[1 1 1],[0.16666667 0.08333333 0.05555556],[0.02333333 0.09333333 0.11666667],0.75,[0.5 0.4 0.1],0,0,0,sdf_prior,0,0
