Unnamed: 0,J,S,gamma,D,t,c,r,mu,lab,load,imbalance,N,start_K,batch_T,method,g,conf_int,perc,ci_perc,ci_g
0,2,5,15,230,[1. 1.],[1. 1.],[1. 1.],[0.33333333 0.5       ],[0.66666667 1.        ],0.8,0,100000,100,999,ospi,0.644856752823178,0,0.3865965965965966,0.0033406125611783154,0.0070472218522804626
1,2,5,15,230,[1. 1.],[1. 1.],[1. 1.],[0.33333333 0.5       ],[0.66666667 1.        ],0.8,0,10000000,100,99999,cmu,0.7743762140392352,0,0.4631764317643176,0.0002462793084582659,0.0008643889833759996
2,2,5,15,230,[1. 1.],[1. 1.],[1. 1.],[0.33333333 0.5       ],[0.66666667 1.        ],0.8,0,10000000,100,99999,fcfs,0.3807680915077403,0,0.2277485774857749,0.00020703080412891932,0.0004929444489760201
3,2,5,15,230,[1. 1.],[1. 1.],[1. 1.],[0.33333333 0.5       ],[0.66666667 1.        ],0.8,0,10000000,100,99999,sdf,0.3807680915077403,0,0.2277485774857749,0.00020703080412891932,0.0004929444489760201
4,2,5,15,230,[1. 1.],[1. 1.],[1. 1.],[0.33333333 0.5       ],[0.66666667 1.        ],0.8,0,10000000,100,99999,sdfprior,0.7319436268522217,0,0.4377977779777798,0.00024381695074862067,0.0007519005824337591
