Unnamed: 0,J,S,gamma,D,t,c,r,mu,lab,load,imbalance,N,start_K,batch_T,method,g,conf_int
0,3,5,1,180,[0.03333333 0.03333333 0.03333333],[1. 1. 1.],[1. 1. 1.],[0.00761035 0.00833333 0.03267974],[0.00204997 0.01172242 0.08411581],0.85,[0.06338028 0.33098592 0.6056338 ],100001,1000,1980,ospi,0.013421262634858194,0.0019672019995627564
1,3,5,1,180,[0.03333333 0.03333333 0.03333333],[1. 1. 1.],[1. 1. 1.],[0.00761035 0.00833333 0.03267974],[0.00204997 0.01172242 0.08411581],0.85,[0.06338028 0.33098592 0.6056338 ],100001,1000,1980,cmu,0.013126590401219626,0.00225992352209293
2,3,5,1,180,[0.03333333 0.03333333 0.03333333],[1. 1. 1.],[1. 1. 1.],[0.00761035 0.00833333 0.03267974],[0.00204997 0.01172242 0.08411581],0.85,[0.06338028 0.33098592 0.6056338 ],100001,1000,1980,fcfs,0.008456064928699093,0.0017395482607762576
3,3,5,1,180,[0.03333333 0.03333333 0.03333333],[1. 1. 1.],[1. 1. 1.],[0.00761035 0.00833333 0.03267974],[0.00204997 0.01172242 0.08411581],0.85,[0.06338028 0.33098592 0.6056338 ],100001,1000,1980,sdf,0.008456064928699093,0.0017395482607762576
4,3,5,1,180,[0.03333333 0.03333333 0.03333333],[1. 1. 1.],[1. 1. 1.],[0.00761035 0.00833333 0.03267974],[0.00204997 0.01172242 0.08411581],0.85,[0.06338028 0.33098592 0.6056338 ],100001,1000,1980,sdfprior,0.00871190540682859,0.0016531000515432781
