Unnamed: 0,J,S,gamma,D,t,c,r,mu,lab,load,imbalance,N,start_K,batch_T,method,g,conf_int,perc,ci_perc,ci_g
0,3,5,10,1800,[60. 60. 60.],[1. 1. 1.],[1. 1. 1.],[0.01666667 0.01666667 0.01666667],[0.00448944 0.02344484 0.04289906],0.85,[0.06338028 0.33098592 0.6056338 ],100000,100,999,ospi,0.058174843140513126,0,0.8204804804804805,0.002446077107987047,0.00042142590896801014
1,3,5,10,1800,[60. 60. 60.],[1. 1. 1.],[1. 1. 1.],[0.01666667 0.01666667 0.01666667],[0.00448944 0.02344484 0.04289906],0.85,[0.06338028 0.33098592 0.6056338 ],100000,100,999,cmu_t_min,0.0544760111549266,0,0.7683883883883884,0.0028513176237052818,0.0004189040764373644
2,3,5,10,1800,[60. 60. 60.],[1. 1. 1.],[1. 1. 1.],[0.01666667 0.01666667 0.01666667],[0.00448944 0.02344484 0.04289906],0.85,[0.06338028 0.33098592 0.6056338 ],100000,100,999,cmu_t_max,0.058106183355881545,0,0.8194694694694697,0.0021819535881512867,0.0004088354524255073
3,3,5,10,1800,[60. 60. 60.],[1. 1. 1.],[1. 1. 1.],[0.01666667 0.01666667 0.01666667],[0.00448944 0.02344484 0.04289906],0.85,[0.06338028 0.33098592 0.6056338 ],100000,100,999,fcfs,0.04983981183462038,0,0.702982982982983,0.0028926373748501223,0.0003823701769323824
4,3,5,10,1800,[60. 60. 60.],[1. 1. 1.],[1. 1. 1.],[0.01666667 0.01666667 0.01666667],[0.00448944 0.02344484 0.04289906],0.85,[0.06338028 0.33098592 0.6056338 ],100000,100,999,sdf,0.04983981183462038,0,0.702982982982983,0.0028926373748501223,0.0003823701769323824
5,3,5,10,1800,[60. 60. 60.],[1. 1. 1.],[1. 1. 1.],[0.01666667 0.01666667 0.01666667],[0.00448944 0.02344484 0.04289906],0.85,[0.06338028 0.33098592 0.6056338 ],100000,100,999,sdfprior,0.05711641303537093,0,0.8056256256256258,0.0023264139882345895,0.00040754420968592447
6,3,5,10,1800,[60. 60. 60.],[1. 1. 1.],[1. 1. 1.],[0.01666667 0.01666667 0.01666667],[0.00448944 0.02344484 0.04289906],0.85,[0.06338028 0.33098592 0.6056338 ],100000,100,999,l_max,0.058106183355881545,0,0.8194694694694697,0.0021819535881512867,0.0004088354524255073
7,3,5,10,1800,[60. 60. 60.],[1. 1. 1.],[1. 1. 1.],[0.01666667 0.01666667 0.01666667],[0.00448944 0.02344484 0.04289906],0.85,[0.06338028 0.33098592 0.6056338 ],100000,100,999,l_min,0.0544760111549266,0,0.7683883883883884,0.0028513176237052818,0.0004189040764373644
