Unnamed: 0,J,S,gamma,D,t,c,r,mu,lab,load,imbalance,N,start_K,batch_T,method,g,conf_int,perc,ci_perc,ci_g
0,4,10,1,120,[60. 60. 60. 60.],[1.  1.  0.5 0.5],[1. 1. 1. 1.],[0.01666667 0.03333333 0.01666667 0.03333333],[0.01666667 0.03333333 0.05       0.1       ],0.8,[0.125 0.125 0.375 0.375],100000,100,999,ospi,0.19779942251588264,0,0.9863763763763765,0.0004475126768105124,0.001262611625675206
1,4,10,1,120,[60. 60. 60. 60.],[1.  1.  0.5 0.5],[1. 1. 1. 1.],[0.01666667 0.03333333 0.01666667 0.03333333],[0.01666667 0.03333333 0.05       0.1       ],0.8,[0.125 0.125 0.375 0.375],100000,100,999,cmu,0.19758607330137665,0,0.9853503503503505,0.0005115804106387699,0.0012578424420468524
2,4,10,1,120,[60. 60. 60. 60.],[1.  1.  0.5 0.5],[1. 1. 1. 1.],[0.01666667 0.03333333 0.01666667 0.03333333],[0.01666667 0.03333333 0.05       0.1       ],0.8,[0.125 0.125 0.375 0.375],100000,100,999,fcfs,0.1969811201222869,0,0.9823573573573574,0.00045387429096849707,0.0012446228478882652
3,4,10,1,120,[60. 60. 60. 60.],[1.  1.  0.5 0.5],[1. 1. 1. 1.],[0.01666667 0.03333333 0.01666667 0.03333333],[0.01666667 0.03333333 0.05       0.1       ],0.8,[0.125 0.125 0.375 0.375],100000,100,999,sdf,0.1969811201222869,0,0.9823573573573574,0.00045387429096849707,0.0012446228478882652
4,4,10,1,120,[60. 60. 60. 60.],[1.  1.  0.5 0.5],[1. 1. 1. 1.],[0.01666667 0.03333333 0.01666667 0.03333333],[0.01666667 0.03333333 0.05       0.1       ],0.8,[0.125 0.125 0.375 0.375],100000,100,999,sdfprior,0.19826187591154998,0,0.9887437437437437,0.00042770322333744737,0.0012668073163968137
