Unnamed: 0,J,S,gamma,D,t,c,r,mu,lab,load,imbalance,N,start_K,batch_T,method,g,conf_int,perc,ci_perc,ci_g
0,1,5,1,180,[60.],[1.],[1.],[0.03333333],[0.14166667],0.85,[1],100001,0,2000,ospi,0.11432474755582533,0,0.80631,0.024008367760111133,0.003205178668491357
1,1,5,1,180,[60.],[1.],[1.],[0.03333333],[0.14166667],0.85,[1],100001,0,2000,cmu,0.11432474755582533,0,0.80631,0.024008367760111133,0.003205178668491357
2,1,5,1,180,[60.],[1.],[1.],[0.03333333],[0.14166667],0.85,[1],100001,0,2000,fcfs,0.11432474755582533,0,0.80631,0.024008367760111133,0.003205178668491357
3,1,5,1,180,[60.],[1.],[1.],[0.03333333],[0.14166667],0.85,[1],100001,0,2000,sdf,0.11432474755582533,0,0.80631,0.024008367760111133,0.003205178668491357
4,1,5,1,180,[60.],[1.],[1.],[0.03333333],[0.14166667],0.85,[1],100001,0,2000,sdfprior,0.11432474755582533,0,0.80631,0.024008367760111133,0.003205178668491357
