Unnamed: 0,J,S,gamma,D,t,c,r,mu,lab,load,imbalance,N,start_K,batch_T,method,g,conf_int,perc,ci_perc,ci_g
0,6,10,1,120,[60. 60. 60. 60. 60. 60.],[1. 1. 1. 1. 1. 1.],[1. 1. 1. 1. 1. 1.],[1. 2. 3. 4. 5. 6.],[ 0.38095238  1.52380952  3.42857143  6.0952381   9.52380952 13.71428571],0.8,[0.04761905 0.0952381  0.14285714 0.19047619 0.23809524 0.28571429],100000,100,999,ospi,34.670394506724136,0,1.0,0.0,0.18003046704370182
1,6,10,1,120,[60. 60. 60. 60. 60. 60.],[1. 1. 1. 1. 1. 1.],[1. 1. 1. 1. 1. 1.],[1. 2. 3. 4. 5. 6.],[ 0.38095238  1.52380952  3.42857143  6.0952381   9.52380952 13.71428571],0.8,[0.04761905 0.0952381  0.14285714 0.19047619 0.23809524 0.28571429],100000,100,999,cmu,34.67044772291504,0,1.0,0.0,0.18370732128069905
2,6,10,1,120,[60. 60. 60. 60. 60. 60.],[1. 1. 1. 1. 1. 1.],[1. 1. 1. 1. 1. 1.],[1. 2. 3. 4. 5. 6.],[ 0.38095238  1.52380952  3.42857143  6.0952381   9.52380952 13.71428571],0.8,[0.04761905 0.0952381  0.14285714 0.19047619 0.23809524 0.28571429],100000,100,999,fcfs,34.67233537215891,0,1.0,0.0,0.18170062776734894
3,6,10,1,120,[60. 60. 60. 60. 60. 60.],[1. 1. 1. 1. 1. 1.],[1. 1. 1. 1. 1. 1.],[1. 2. 3. 4. 5. 6.],[ 0.38095238  1.52380952  3.42857143  6.0952381   9.52380952 13.71428571],0.8,[0.04761905 0.0952381  0.14285714 0.19047619 0.23809524 0.28571429],100000,100,999,sdf,34.67233537215891,0,1.0,0.0,0.18170062776734894
4,6,10,1,120,[60. 60. 60. 60. 60. 60.],[1. 1. 1. 1. 1. 1.],[1. 1. 1. 1. 1. 1.],[1. 2. 3. 4. 5. 6.],[ 0.38095238  1.52380952  3.42857143  6.0952381   9.52380952 13.71428571],0.8,[0.04761905 0.0952381  0.14285714 0.19047619 0.23809524 0.28571429],100000,100,999,sdfprior,34.67233537215891,0,1.0,0.0,0.18170062776734894
