Unnamed: 0,J,S,gamma,D,t,c,r,mu,lab,load,imbalance,N,start_K,batch_T,method,g,conf_int,perc,ci_perc,ci_g
0,3,5,10,1800,[ 10.  60. 120.],[1. 1. 1.],[1. 1. 1.],[0.00761035 0.00833333 0.03267974],[0.00204997 0.01172242 0.08411581],0.85,[0.06338028 0.33098592 0.6056338 ],200000,100,1999,ospi,0.08746418757912088,0,0.8944472236118058,0.0011142065006196516,0.0003673930320677076
1,3,5,10,1800,[ 10.  60. 120.],[1. 1. 1.],[1. 1. 1.],[0.00761035 0.00833333 0.03267974],[0.00204997 0.01172242 0.08411581],0.85,[0.06338028 0.33098592 0.6056338 ],200000,100,1999,cmu_t_min,0.09146827043843306,0,0.9354677338669336,0.0010583651596898108,0.00039149208663554993
2,3,5,10,1800,[ 10.  60. 120.],[1. 1. 1.],[1. 1. 1.],[0.00761035 0.00833333 0.03267974],[0.00204997 0.01172242 0.08411581],0.85,[0.06338028 0.33098592 0.6056338 ],200000,100,1999,cmu_t_max,0.09146827043843306,0,0.9354677338669336,0.0010583651596898108,0.00039149208663554993
3,3,5,10,1800,[ 10.  60. 120.],[1. 1. 1.],[1. 1. 1.],[0.00761035 0.00833333 0.03267974],[0.00204997 0.01172242 0.08411581],0.85,[0.06338028 0.33098592 0.6056338 ],200000,100,1999,fcfs,0.08074142907023535,0,0.8257178589294648,0.0010700986374909964,0.000348260045869927
4,3,5,10,1800,[ 10.  60. 120.],[1. 1. 1.],[1. 1. 1.],[0.00761035 0.00833333 0.03267974],[0.00204997 0.01172242 0.08411581],0.85,[0.06338028 0.33098592 0.6056338 ],200000,100,1999,sdf,0.07852790574342014,0,0.8030815407703854,0.0010034902146961531,0.0003347211059567368
5,3,5,10,1800,[ 10.  60. 120.],[1. 1. 1.],[1. 1. 1.],[0.00761035 0.00833333 0.03267974],[0.00204997 0.01172242 0.08411581],0.85,[0.06338028 0.33098592 0.6056338 ],200000,100,1999,sdfprior,0.0814663412568626,0,0.8331165582791396,0.0008344964965380852,0.00036846206525252074
6,3,5,10,1800,[ 10.  60. 120.],[1. 1. 1.],[1. 1. 1.],[0.00761035 0.00833333 0.03267974],[0.00204997 0.01172242 0.08411581],0.85,[0.06338028 0.33098592 0.6056338 ],200000,100,1999,l_max,0.09146827043843306,0,0.9354677338669336,0.0010583651596898108,0.00039149208663554993
7,3,5,10,1800,[ 10.  60. 120.],[1. 1. 1.],[1. 1. 1.],[0.00761035 0.00833333 0.03267974],[0.00204997 0.01172242 0.08411581],0.85,[0.06338028 0.33098592 0.6056338 ],200000,100,1999,l_min,0.07844265061212424,0,0.8022161080540272,0.0009919408993544405,0.00034506752793921644
