Unnamed: 0,J,S,gamma,D,t,c,r,mu,lab,load,imbalance,N,start_K,batch_T,method,g,conf_int,perc,ci_perc,ci_g
0,2,5,15,230,[1. 1.],[1. 1.],[1. 1.],[0.33333333 0.5       ],[0.66666667 1.        ],0.8,0,100000,100,999,ospi,1.0914064349682548,0,0.6542642642642643,0.002752281384429314,0.00800572346822308
1,2,5,15,230,[1. 1.],[1. 1.],[1. 1.],[0.33333333 0.5       ],[0.66666667 1.        ],0.8,0,100000,100,999,cmu,1.2101257292255638,0,0.7254954954954955,0.002589126054036139,0.008400363835813048
2,2,5,15,230,[1. 1.],[1. 1.],[1. 1.],[0.33333333 0.5       ],[0.66666667 1.        ],0.8,0,100000,100,999,fcfs,1.0407174926393208,0,0.6238738738738739,0.002421588071978571,0.007592373943931608
3,2,5,15,230,[1. 1.],[1. 1.],[1. 1.],[0.33333333 0.5       ],[0.66666667 1.        ],0.8,0,100000,100,999,sdf,1.0407174926393208,0,0.6238738738738739,0.002421588071978571,0.007592373943931608
4,2,5,15,230,[1. 1.],[1. 1.],[1. 1.],[0.33333333 0.5       ],[0.66666667 1.        ],0.8,0,100000,100,999,sdfprior,1.195175289011998,0,0.7165365365365365,0.00257952299702245,0.008088588807290922
