Unnamed: 0,J,S,gamma,D,t,c,r,mu,lab,load,imbalance,N,start_K,batch_T,method,g,conf_int
0,4,10,1,120,[60. 60. 60. 60.],[1.  1.  0.5 0.5],[1. 1. 1. 1.],[0.01666667 0.03333333 0.01666667 0.03333333],[0.01875 0.0375  0.05625 0.1125 ],0.9,[0.125 0.125 0.375 0.375],10000001,10000,199800,ospi,,
1,4,10,1,120,[60. 60. 60. 60.],[1.  1.  0.5 0.5],[1. 1. 1. 1.],[0.01666667 0.03333333 0.01666667 0.03333333],[0.01875 0.0375  0.05625 0.1125 ],0.9,[0.125 0.125 0.375 0.375],10000001,10000,199800,cmu,,
2,4,10,1,120,[60. 60. 60. 60.],[1.  1.  0.5 0.5],[1. 1. 1. 1.],[0.01666667 0.03333333 0.01666667 0.03333333],[0.01875 0.0375  0.05625 0.1125 ],0.9,[0.125 0.125 0.375 0.375],10000001,10000,199800,fcfs,,
3,4,10,1,120,[60. 60. 60. 60.],[1.  1.  0.5 0.5],[1. 1. 1. 1.],[0.01666667 0.03333333 0.01666667 0.03333333],[0.01875 0.0375  0.05625 0.1125 ],0.9,[0.125 0.125 0.375 0.375],10000001,10000,199800,sdf,4.766501473252725,
4,4,10,1,120,[60. 60. 60. 60.],[1.  1.  0.5 0.5],[1. 1. 1. 1.],[0.01666667 0.03333333 0.01666667 0.03333333],[0.01875 0.0375  0.05625 0.1125 ],0.9,[0.125 0.125 0.375 0.375],10000001,10000,199800,sdfprior,,
