,J,S,gamma,D,t,c,r,mu,lab,load,imbalance,N,start_K,batch_T,method,g,conf_int
0,2,5,15,230,[1. 1.],[1. 1.],[1. 1.],[0.33333333 0.5       ],[0.66666667 1.        ],0.8,0,0,0,0,ospi,0,0
1,2,5,15,230,[1. 1.],[1. 1.],[1. 1.],[0.33333333 0.5       ],[0.66666667 1.        ],0.8,0,0,0,0,cmu,0,0
2,2,5,15,230,[1. 1.],[1. 1.],[1. 1.],[0.33333333 0.5       ],[0.66666667 1.        ],0.8,0,0,0,0,fcfs,0,0
3,2,5,15,230,[1. 1.],[1. 1.],[1. 1.],[0.33333333 0.5       ],[0.66666667 1.        ],0.8,0,0,0,0,sdf,0,0
4,2,5,15,230,[1. 1.],[1. 1.],[1. 1.],[0.33333333 0.5       ],[0.66666667 1.        ],0.8,0,0,0,0,sdfprior,0,0
