Unnamed: 0,J,S,gamma,D,t,c,r,mu,lab,load,imbalance,N,start_K,batch_T,method,g,conf_int,perc,ci_perc,ci_g
0,3,5,1,180,[ 10.  60. 120.],[1. 1. 1.],[1. 1. 1.],[0.00761035 0.00833333 0.03267974],[0.0018088  0.01034331 0.07421983],0.75,[0.06338028 0.33098592 0.6056338 ],99000,0,1980,ospi,0.06757950406069467,0.0017790383542786,0.7818484848484849,0.021377677008765136,0.0017790383542786441
1,3,5,1,180,[ 10.  60. 120.],[1. 1. 1.],[1. 1. 1.],[0.00761035 0.00833333 0.03267974],[0.0018088  0.01034331 0.07421983],0.75,[0.06338028 0.33098592 0.6056338 ],99000,0,1980,cmu,0.07625421089478088,0.0010963571220714,0.8821818181818182,0.012342219978709046,0.0010963571220714327
2,3,5,1,180,[ 10.  60. 120.],[1. 1. 1.],[1. 1. 1.],[0.00761035 0.00833333 0.03267974],[0.0018088  0.01034331 0.07421983],0.75,[0.06338028 0.33098592 0.6056338 ],99000,0,1980,fcfs,0.05633164975514242,0.0041418660000482,0.6517272727272727,0.04913563066732878,0.0041418660000482966
3,3,5,1,180,[ 10.  60. 120.],[1. 1. 1.],[1. 1. 1.],[0.00761035 0.00833333 0.03267974],[0.0018088  0.01034331 0.07421983],0.75,[0.06338028 0.33098592 0.6056338 ],99000,0,1980,sdf,0.05402607238285987,0.0037777980718054,0.6250808080808081,0.044705447461429335,0.0037777980718054736
4,3,5,1,180,[ 10.  60. 120.],[1. 1. 1.],[1. 1. 1.],[0.00761035 0.00833333 0.03267974],[0.0018088  0.01034331 0.07421983],0.75,[0.06338028 0.33098592 0.6056338 ],99000,0,1980,sdfprior,0.058357455147516765,0.0028496505939463,0.6752121212121213,0.03348110044447972,0.002849650593946312
