Unnamed: 0,J,S,gamma,D,t,c,r,mu,lab,load,imbalance,N,start_K,batch_T,method,g,conf_int,perc,ci_perc,ci_g
0,2,10,15,138,[1. 1.],[1. 1.],[1. 1.],[0.33333333 0.33333333],[1.33333333 1.33333333],0.8,0,200000,100,1999,ospi,2.2249812792247297,0,0.831335667833917,0.0013589868559773862,0.009195413320487898
1,2,10,15,138,[1. 1.],[1. 1.],[1. 1.],[0.33333333 0.33333333],[1.33333333 1.33333333],0.8,0,200000,100,1999,cmu_t_min,2.2573557918097666,0,0.8434017008504249,0.0014776806216603429,0.009356115635910895
2,2,10,15,138,[1. 1.],[1. 1.],[1. 1.],[0.33333333 0.33333333],[1.33333333 1.33333333],0.8,0,200000,100,1999,cmu_t_max,2.259339928369842,0,0.8441620810405204,0.0012873327794974293,0.009384623545294273
3,2,10,15,138,[1. 1.],[1. 1.],[1. 1.],[0.33333333 0.33333333],[1.33333333 1.33333333],0.8,0,200000,100,1999,fcfs,2.103670150692976,0,0.7859779889944971,0.0012965279989587827,0.00853941438460936
4,2,10,15,138,[1. 1.],[1. 1.],[1. 1.],[0.33333333 0.33333333],[1.33333333 1.33333333],0.8,0,200000,100,1999,sdf,2.103670150692976,0,0.7859779889944971,0.0012965279989587827,0.00853941438460936
5,2,10,15,138,[1. 1.],[1. 1.],[1. 1.],[0.33333333 0.33333333],[1.33333333 1.33333333],0.8,0,200000,100,1999,sdfprior,2.2808233741096804,0,0.852176088044022,0.0014254663530439329,0.00915108150759152
6,2,10,15,138,[1. 1.],[1. 1.],[1. 1.],[0.33333333 0.33333333],[1.33333333 1.33333333],0.8,0,200000,100,1999,l_max,2.259339928369842,0,0.8441620810405204,0.0012873327794974293,0.009384623545294273
7,2,10,15,138,[1. 1.],[1. 1.],[1. 1.],[0.33333333 0.33333333],[1.33333333 1.33333333],0.8,0,200000,100,1999,l_min,2.2573557918097666,0,0.8434017008504249,0.0014776806216603429,0.009356115635910895
