Unnamed: 0,J,S,gamma,D,t,c,r,mu,lab,load,imbalance,N,start_K,batch_T,method,g,conf_int,perc,ci_perc,ci_g
0,3,5,1,180,[60. 60. 60.],[1. 1. 1.],[1. 1. 1.],[0.01666667 0.01666667 0.01666667],[0.00448944 0.02344484 0.04289906],0.85,[0.06338028 0.33098592 0.6056338 ],100001,0,2000,ospi,0.03800685297600856,0,0.53865,0.01699648689831011,0.0011235532088126692
1,3,5,1,180,[60. 60. 60.],[1. 1. 1.],[1. 1. 1.],[0.01666667 0.01666667 0.01666667],[0.00448944 0.02344484 0.04289906],0.85,[0.06338028 0.33098592 0.6056338 ],100001,0,2000,cmu,0.04009654619046979,0,0.56817,0.017544176840857798,0.0012141508202561865
2,3,5,1,180,[60. 60. 60.],[1. 1. 1.],[1. 1. 1.],[0.01666667 0.01666667 0.01666667],[0.00448944 0.02344484 0.04289906],0.85,[0.06338028 0.33098592 0.6056338 ],100001,0,2000,fcfs,0.009849777931124076,0,0.13965,0.03219786793623265,0.002240915259084934
3,3,5,1,180,[60. 60. 60.],[1. 1. 1.],[1. 1. 1.],[0.01666667 0.01666667 0.01666667],[0.00448944 0.02344484 0.04289906],0.85,[0.06338028 0.33098592 0.6056338 ],100001,0,2000,sdf,0.009849777931124076,0,0.13965,0.03219786793623265,0.002240915259084934
4,3,5,1,180,[60. 60. 60.],[1. 1. 1.],[1. 1. 1.],[0.01666667 0.01666667 0.01666667],[0.00448944 0.02344484 0.04289906],0.85,[0.06338028 0.33098592 0.6056338 ],100001,0,2000,sdfprior,0.03458265691395299,0,0.49007,0.02008767910595236,0.0013378163170109606
