Unnamed: 0,J,S,gamma,D,t,c,r,mu,lab,load,imbalance,N,start_K,batch_T,method,g,conf_int
0,6,10,1,120,[60. 60. 60. 60. 60. 60.],[1. 1. 1. 1. 1. 1.],[1. 1. 1. 1. 1. 1.],[1. 2. 3. 4. 5. 6.],[ 0.42857143  1.71428571  3.85714286  6.85714286 10.71428571 15.42857143],0.9,[0.04761905 0.0952381  0.14285714 0.19047619 0.23809524 0.28571429],10000001,10000,199800,ospi,39.00833510999618,0.029635741555074653
1,6,10,1,120,[60. 60. 60. 60. 60. 60.],[1. 1. 1. 1. 1. 1.],[1. 1. 1. 1. 1. 1.],[1. 2. 3. 4. 5. 6.],[ 0.42857143  1.71428571  3.85714286  6.85714286 10.71428571 15.42857143],0.9,[0.04761905 0.0952381  0.14285714 0.19047619 0.23809524 0.28571429],10000001,10000,199800,cmu,36.874647382151785,0.024992900691854204
2,6,10,1,120,[60. 60. 60. 60. 60. 60.],[1. 1. 1. 1. 1. 1.],[1. 1. 1. 1. 1. 1.],[1. 2. 3. 4. 5. 6.],[ 0.42857143  1.71428571  3.85714286  6.85714286 10.71428571 15.42857143],0.9,[0.04761905 0.0952381  0.14285714 0.19047619 0.23809524 0.28571429],10000001,10000,199800,fcfs,0.03892278113339562,0.07697941406374202
3,6,10,1,120,[60. 60. 60. 60. 60. 60.],[1. 1. 1. 1. 1. 1.],[1. 1. 1. 1. 1. 1.],[1. 2. 3. 4. 5. 6.],[ 0.42857143  1.71428571  3.85714286  6.85714286 10.71428571 15.42857143],0.9,[0.04761905 0.0952381  0.14285714 0.19047619 0.23809524 0.28571429],10000001,10000,199800,sdf,0.03507732685622142,0.06963067558209582
4,6,10,1,120,[60. 60. 60. 60. 60. 60.],[1. 1. 1. 1. 1. 1.],[1. 1. 1. 1. 1. 1.],[1. 2. 3. 4. 5. 6.],[ 0.42857143  1.71428571  3.85714286  6.85714286 10.71428571 15.42857143],0.9,[0.04761905 0.0952381  0.14285714 0.19047619 0.23809524 0.28571429],10000001,10000,199800,sdfprior,35.13248808455803,0.05970390973547137
