Unnamed: 0,J,S,gamma,D,t,c,r,mu,lab,load,imbalance,N,start_K,batch_T,method,g,conf_int,perc,ci_perc,ci_g
0,3,5,10,1800,[ 10.  60. 120.],[1. 1. 1.],[1. 1. 1.],[0.00761035 0.00833333 0.03267974],[0.00229114 0.01310153 0.09401178],0.95,[0.06338028 0.33098592 0.6056338 ],200000,100,1999,ospi,0.09530239038399282,0,0.8714207103551775,0.00123278193143765,0.00046429725672001413
1,3,5,10,1800,[ 10.  60. 120.],[1. 1. 1.],[1. 1. 1.],[0.00761035 0.00833333 0.03267974],[0.00229114 0.01310153 0.09401178],0.95,[0.06338028 0.33098592 0.6056338 ],200000,100,1999,cmu_t_min,0.09581437667162035,0,0.8759729864932466,0.0015190837552452783,0.00048173807033923666
2,3,5,10,1800,[ 10.  60. 120.],[1. 1. 1.],[1. 1. 1.],[0.00761035 0.00833333 0.03267974],[0.00229114 0.01310153 0.09401178],0.95,[0.06338028 0.33098592 0.6056338 ],200000,100,1999,cmu_t_max,0.09581437667162035,0,0.8759729864932466,0.0015190837552452783,0.00048173807033923666
3,3,5,10,1800,[ 10.  60. 120.],[1. 1. 1.],[1. 1. 1.],[0.00761035 0.00833333 0.03267974],[0.00229114 0.01310153 0.09401178],0.95,[0.06338028 0.33098592 0.6056338 ],200000,100,1999,fcfs,0.04672507378588631,0,0.4271485742871436,0.0010714237852941463,0.000267722329000166
4,3,5,10,1800,[ 10.  60. 120.],[1. 1. 1.],[1. 1. 1.],[0.00761035 0.00833333 0.03267974],[0.00229114 0.01310153 0.09401178],0.95,[0.06338028 0.33098592 0.6056338 ],200000,100,1999,sdf,0.04363535865272522,0,0.39893446723361686,0.001212654695285822,0.0002592589617170802
5,3,5,10,1800,[ 10.  60. 120.],[1. 1. 1.],[1. 1. 1.],[0.00761035 0.00833333 0.03267974],[0.00229114 0.01310153 0.09401178],0.95,[0.06338028 0.33098592 0.6056338 ],200000,100,1999,sdfprior,0.05597192435745204,0,0.5115307653826914,0.0019349054908378207,0.0004206544195251761
6,3,5,10,1800,[ 10.  60. 120.],[1. 1. 1.],[1. 1. 1.],[0.00761035 0.00833333 0.03267974],[0.00229114 0.01310153 0.09401178],0.95,[0.06338028 0.33098592 0.6056338 ],200000,100,1999,l_max,0.09581437667162035,0,0.8759729864932466,0.0015190837552452783,0.00048173807033923666
7,3,5,10,1800,[ 10.  60. 120.],[1. 1. 1.],[1. 1. 1.],[0.00761035 0.00833333 0.03267974],[0.00229114 0.01310153 0.09401178],0.95,[0.06338028 0.33098592 0.6056338 ],200000,100,1999,l_min,0.04942480224009348,0,0.45170085042521246,0.0017764887854763896,0.0003769550846089727
