Unnamed: 0,J,S,gamma,D,t,c,r,mu,lab,load,imbalance,N,start_K,batch_T,method,g,conf_int,perc,ci_perc,ci_g
0,2,2,15,274,[1. 1.],[1. 1.],[1. 1.],[0.33333333 0.66666667],[0.11666667 0.7       ],0.7,0,10000000,0,200000,ospi,0.42602036152211187,0,0.5179763,0.002326787798098792,0.0024182463215074506
1,2,2,15,274,[1. 1.],[1. 1.],[1. 1.],[0.33333333 0.66666667],[0.11666667 0.7       ],0.7,0,10000000,0,200000,cmu,0.4547734458361936,0,0.5529357,0.003136828391665891,0.0032620697442790896
2,2,2,15,274,[1. 1.],[1. 1.],[1. 1.],[0.33333333 0.66666667],[0.11666667 0.7       ],0.7,0,10000000,0,200000,fcfs,0.3907648778214543,0,0.475111,0.00198757231115581,0.002029059337494198
3,2,2,15,274,[1. 1.],[1. 1.],[1. 1.],[0.33333333 0.66666667],[0.11666667 0.7       ],0.7,0,10000000,0,200000,sdf,0.3907648778214543,0,0.475111,0.00198757231115581,0.002029059337494198
4,2,2,15,274,[1. 1.],[1. 1.],[1. 1.],[0.33333333 0.66666667],[0.11666667 0.7       ],0.7,0,10000000,0,200000,sdfprior,0.42843908353538585,0,0.5209171,0.0018178318583636007,0.001951118878811018
