Unnamed: 0,J,S,gamma,D,t,c,r,mu,lab,load,imbalance,N,start_K,batch_T,method,g,conf_int,perc,ci_perc,ci_g
0,4,10,10,1800,[60. 60. 60. 60.],[1.  1.  0.5 0.5],[1. 1. 1. 1.],[0.01666667 0.03333333 0.01666667 0.03333333],[0.01875 0.0375  0.05625 0.1125 ],0.9,[0.125 0.125 0.375 0.375],100000,100,999,ospi,0.20964341043519596,0,0.9270670670670671,0.0011698640282701716,0.0009913870203327976
1,4,10,10,1800,[60. 60. 60. 60.],[1.  1.  0.5 0.5],[1. 1. 1. 1.],[0.01666667 0.03333333 0.01666667 0.03333333],[0.01875 0.0375  0.05625 0.1125 ],0.9,[0.125 0.125 0.375 0.375],100000,100,999,cmu_t_min,0.21491663752555454,0,0.9503053053053052,0.0009402206258776917,0.0010378925763826173
2,4,10,10,1800,[60. 60. 60. 60.],[1.  1.  0.5 0.5],[1. 1. 1. 1.],[0.01666667 0.03333333 0.01666667 0.03333333],[0.01875 0.0375  0.05625 0.1125 ],0.9,[0.125 0.125 0.375 0.375],100000,100,999,cmu_t_max,0.21491663752555454,0,0.9503053053053052,0.0009402206258776917,0.0010378925763826173
3,4,10,10,1800,[60. 60. 60. 60.],[1.  1.  0.5 0.5],[1. 1. 1. 1.],[0.01666667 0.03333333 0.01666667 0.03333333],[0.01875 0.0375  0.05625 0.1125 ],0.9,[0.125 0.125 0.375 0.375],100000,100,999,fcfs,0.2011282562491998,0,0.8895345345345345,0.0009889055391246455,0.0009429800576417419
4,4,10,10,1800,[60. 60. 60. 60.],[1.  1.  0.5 0.5],[1. 1. 1. 1.],[0.01666667 0.03333333 0.01666667 0.03333333],[0.01875 0.0375  0.05625 0.1125 ],0.9,[0.125 0.125 0.375 0.375],100000,100,999,sdf,0.2011282562491998,0,0.8895345345345345,0.0009889055391246455,0.0009429800576417419
5,4,10,10,1800,[60. 60. 60. 60.],[1.  1.  0.5 0.5],[1. 1. 1. 1.],[0.01666667 0.03333333 0.01666667 0.03333333],[0.01875 0.0375  0.05625 0.1125 ],0.9,[0.125 0.125 0.375 0.375],100000,100,999,sdfprior,0.21253308858777736,0,0.9398448448448449,0.0009522614203737189,0.0010441963545199827
6,4,10,10,1800,[60. 60. 60. 60.],[1.  1.  0.5 0.5],[1. 1. 1. 1.],[0.01666667 0.03333333 0.01666667 0.03333333],[0.01875 0.0375  0.05625 0.1125 ],0.9,[0.125 0.125 0.375 0.375],100000,100,999,l_max,0.20706453508909128,0,0.9157107107107108,0.0016093231703563048,0.0010588713514863807
7,4,10,10,1800,[60. 60. 60. 60.],[1.  1.  0.5 0.5],[1. 1. 1. 1.],[0.01666667 0.03333333 0.01666667 0.03333333],[0.01875 0.0375  0.05625 0.1125 ],0.9,[0.125 0.125 0.375 0.375],100000,100,999,l_min,0.20569286125218764,0,0.9096496496496498,0.0010605729430541936,0.0010041801869281825
