Unnamed: 0,J,S,gamma,D,t,c,r,mu,lab,load,imbalance,N,start_K,batch_T,method,g,conf_int,perc,ci_perc,ci_g
0,3,5,1,180,[0.03333333 0.03333333 0.03333333],[1. 1. 1.],[1. 1. 1.],[0.00761035 0.00833333 0.03267974],[0.00204997 0.01172242 0.08411581],0.85,[0.06338028 0.33098592 0.6056338 ],10000,100,99,ospi,0.03323014747556835,0,0.3340404040404041,0.008617104256696132,0.0010909710122429667
1,3,5,1,180,[0.03333333 0.03333333 0.03333333],[1. 1. 1.],[1. 1. 1.],[0.00761035 0.00833333 0.03267974],[0.00204997 0.01172242 0.08411581],0.85,[0.06338028 0.33098592 0.6056338 ],10000,100,99,cmu,0.0332530067700288,0,0.3342424242424243,0.00863001221733123,0.0010912191785048873
2,3,5,1,180,[0.03333333 0.03333333 0.03333333],[1. 1. 1.],[1. 1. 1.],[0.00761035 0.00833333 0.03267974],[0.00204997 0.01172242 0.08411581],0.85,[0.06338028 0.33098592 0.6056338 ],10000,100,99,fcfs,0.03252987232399926,0,0.32505050505050515,0.008297917518128608,0.0011970941757919094
3,3,5,1,180,[0.03333333 0.03333333 0.03333333],[1. 1. 1.],[1. 1. 1.],[0.00761035 0.00833333 0.03267974],[0.00204997 0.01172242 0.08411581],0.85,[0.06338028 0.33098592 0.6056338 ],10000,100,99,sdf,0.03252987232399926,0,0.32505050505050515,0.008297917518128608,0.0011970941757919094
4,3,5,1,180,[0.03333333 0.03333333 0.03333333],[1. 1. 1.],[1. 1. 1.],[0.00761035 0.00833333 0.03267974],[0.00204997 0.01172242 0.08411581],0.85,[0.06338028 0.33098592 0.6056338 ],10000,100,99,sdfprior,0.03252499197767816,0,0.3258585858585859,0.007995982364459576,0.0010810544089090495
