Unnamed: 0,J,S,gamma,D,t,c,r,mu,lab,load,imbalance,N,start_K,batch_T,method,g,conf_int
0,3,5,1,180,[ 10.  60. 120.],[1. 1. 1.],[1. 1. 1.],[0.01666667 0.01666667 0.01666667],[0.00448944 0.02344484 0.04289906],0.85,[0.06338028 0.33098592 0.6056338 ],100001,1000,1980,ospi,0.045107797447904746,0.0010933863442968165
1,3,5,1,180,[ 10.  60. 120.],[1. 1. 1.],[1. 1. 1.],[0.01666667 0.01666667 0.01666667],[0.00448944 0.02344484 0.04289906],0.85,[0.06338028 0.33098592 0.6056338 ],100001,1000,1980,cmu,0.04651336983814685,0.0007706058213484836
2,3,5,1,180,[ 10.  60. 120.],[1. 1. 1.],[1. 1. 1.],[0.01666667 0.01666667 0.01666667],[0.00448944 0.02344484 0.04289906],0.85,[0.06338028 0.33098592 0.6056338 ],100001,1000,1980,fcfs,0.010532986571429821,0.0026864260467902223
3,3,5,1,180,[ 10.  60. 120.],[1. 1. 1.],[1. 1. 1.],[0.01666667 0.01666667 0.01666667],[0.00448944 0.02344484 0.04289906],0.85,[0.06338028 0.33098592 0.6056338 ],100001,1000,1980,sdf,0.01055813286915909,0.002705084508783545
4,3,5,1,180,[ 10.  60. 120.],[1. 1. 1.],[1. 1. 1.],[0.01666667 0.01666667 0.01666667],[0.00448944 0.02344484 0.04289906],0.85,[0.06338028 0.33098592 0.6056338 ],100001,1000,1980,sdfprior,0.03857516265675802,0.001962433021116588
