Unnamed: 0,J,S,gamma,D,t,c,r,mu,lab,load,imbalance,N,start_K,batch_T,method,g,conf_int,perc,ci_perc,ci_g
0,2,2,15,274,[1. 1.],[1. 1.],[1. 1.],[0.33333333 0.66666667],[0.11666667 0.7       ],0.7,0,200000,100,1999,ospi,0.5179273842470508,0,0.6345422711355677,0.0024760903581601207,0.002749253274755229
1,2,2,15,274,[1. 1.],[1. 1.],[1. 1.],[0.33333333 0.66666667],[0.11666667 0.7       ],0.7,0,200000,100,1999,cmu_t_min,0.517724534484353,0,0.6342971485742871,0.0023027917719749516,0.002652817500469962
2,2,2,15,274,[1. 1.],[1. 1.],[1. 1.],[0.33333333 0.66666667],[0.11666667 0.7       ],0.7,0,200000,100,1999,cmu_t_max,0.517724534484353,0,0.6342971485742871,0.0023027917719749516,0.002652817500469962
3,2,2,15,274,[1. 1.],[1. 1.],[1. 1.],[0.33333333 0.66666667],[0.11666667 0.7       ],0.7,0,200000,100,1999,fcfs,0.484686597766674,0,0.5938369184592296,0.002444963552206839,0.0025759396487835037
4,2,2,15,274,[1. 1.],[1. 1.],[1. 1.],[0.33333333 0.66666667],[0.11666667 0.7       ],0.7,0,200000,100,1999,sdf,0.484686597766674,0,0.5938369184592296,0.002444963552206839,0.0025759396487835037
5,2,2,15,274,[1. 1.],[1. 1.],[1. 1.],[0.33333333 0.66666667],[0.11666667 0.7       ],0.7,0,200000,100,1999,sdfprior,0.5096215415390467,0,0.6243821910955478,0.0024807311475888625,0.0027366071833199116
6,2,2,15,274,[1. 1.],[1. 1.],[1. 1.],[0.33333333 0.66666667],[0.11666667 0.7       ],0.7,0,200000,100,1999,l_max,0.517724534484353,0,0.6342971485742871,0.0023027917719749516,0.002652817500469962
7,2,2,15,274,[1. 1.],[1. 1.],[1. 1.],[0.33333333 0.66666667],[0.11666667 0.7       ],0.7,0,200000,100,1999,l_min,0.501311319555112,0,0.6141870935467734,0.0024547515948997703,0.002697276175133686
