Unnamed: 0,J,S,gamma,D,t,c,r,mu,lab,load,imbalance,N,start_K,batch_T,method,g,conf_int,perc,ci_perc,ci_g
0,3,5,10,1800,[60. 60. 60.],[1. 1. 1.],[1. 1. 1.],[0.00761035 0.00833333 0.03267974],[0.00204997 0.01172242 0.08411581],0.85,[0.06338028 0.33098592 0.6056338 ],100000,100,999,ospi,0.07653090424572027,0,0.7778678678678677,0.0018438127098834081,0.0004514093778439754
1,3,5,10,1800,[60. 60. 60.],[1. 1. 1.],[1. 1. 1.],[0.00761035 0.00833333 0.03267974],[0.00204997 0.01172242 0.08411581],0.85,[0.06338028 0.33098592 0.6056338 ],100000,100,999,cmu_t_min,0.08501816598006771,0,0.8640740740740742,0.0015212948599253682,0.0005189449428960039
2,3,5,10,1800,[60. 60. 60.],[1. 1. 1.],[1. 1. 1.],[0.00761035 0.00833333 0.03267974],[0.00204997 0.01172242 0.08411581],0.85,[0.06338028 0.33098592 0.6056338 ],100000,100,999,cmu_t_max,0.08501816598006771,0,0.8640740740740742,0.0015212948599253682,0.0005189449428960039
3,3,5,10,1800,[60. 60. 60.],[1. 1. 1.],[1. 1. 1.],[0.00761035 0.00833333 0.03267974],[0.00204997 0.01172242 0.08411581],0.85,[0.06338028 0.33098592 0.6056338 ],100000,100,999,fcfs,0.06681434449539435,0,0.6789889889889892,0.0015071613936081662,0.00044120963975238634
4,3,5,10,1800,[60. 60. 60.],[1. 1. 1.],[1. 1. 1.],[0.00761035 0.00833333 0.03267974],[0.00204997 0.01172242 0.08411581],0.85,[0.06338028 0.33098592 0.6056338 ],100000,100,999,sdf,0.06681434449539435,0,0.6789889889889892,0.0015071613936081662,0.00044120963975238634
5,3,5,10,1800,[60. 60. 60.],[1. 1. 1.],[1. 1. 1.],[0.00761035 0.00833333 0.03267974],[0.00204997 0.01172242 0.08411581],0.85,[0.06338028 0.33098592 0.6056338 ],100000,100,999,sdfprior,0.07033097900195323,0,0.7147047047047047,0.0020691566741245252,0.0004877347275014739
6,3,5,10,1800,[60. 60. 60.],[1. 1. 1.],[1. 1. 1.],[0.00761035 0.00833333 0.03267974],[0.00204997 0.01172242 0.08411581],0.85,[0.06338028 0.33098592 0.6056338 ],100000,100,999,l_max,0.08501816598006771,0,0.8640740740740742,0.0015212948599253682,0.0005189449428960039
7,3,5,10,1800,[60. 60. 60.],[1. 1. 1.],[1. 1. 1.],[0.00761035 0.00833333 0.03267974],[0.00204997 0.01172242 0.08411581],0.85,[0.06338028 0.33098592 0.6056338 ],100000,100,999,l_min,0.06639157213726364,0,0.6746246246246247,0.002273020505045588,0.0005009067376330213
