Unnamed: 0,J,S,gamma,D,t,c,r,mu,lab,load,imbalance,N,start_K,batch_T,method,g,conf_int
0,3,5,1,180,[ 10.  60. 120.],[1. 1. 1.],[1. 1. 1.],[0.00761035 0.00833333 0.03267974],[0.0018088  0.01034331 0.07421983],0.75,[0.06338028 0.33098592 0.6056338 ],10000001,10000,199800,ospi,0.06064569174581068,0.00035556621031940315
1,3,5,1,180,[ 10.  60. 120.],[1. 1. 1.],[1. 1. 1.],[0.00761035 0.00833333 0.03267974],[0.0018088  0.01034331 0.07421983],0.75,[0.06338028 0.33098592 0.6056338 ],10000001,10000,199800,cmu,0.07541402166550179,0.00011708205989850096
2,3,5,1,180,[ 10.  60. 120.],[1. 1. 1.],[1. 1. 1.],[0.00761035 0.00833333 0.03267974],[0.0018088  0.01034331 0.07421983],0.75,[0.06338028 0.33098592 0.6056338 ],10000001,10000,199800,fcfs,3.730264574308656,0.235443402844072
3,3,5,1,180,[ 10.  60. 120.],[1. 1. 1.],[1. 1. 1.],[0.00761035 0.00833333 0.03267974],[0.0018088  0.01034331 0.07421983],0.75,[0.06338028 0.33098592 0.6056338 ],10000001,10000,199800,sdf,0.0249928167821247,0.002850002664610541
4,3,5,1,180,[ 10.  60. 120.],[1. 1. 1.],[1. 1. 1.],[0.00761035 0.00833333 0.03267974],[0.0018088  0.01034331 0.07421983],0.75,[0.06338028 0.33098592 0.6056338 ],10000001,10000,199800,sdfprior,0.03670127014955744,0.0009115328129509561
